OverallQual,YearBuilt,YearRemodeled,basement_SF,1stFloor_SF,2ndFloor_SF,LivingArea_SF,FullBath,Bedrooms,TotalRooms,Fireplaces,GarageCars,GarageArea_SF,WoodDeck_SF,OpenPorch_SF,SalePrice
7,2003,2003,856,856,854,1710,2,3,8,0,2,548,0,61,208500
6,1976,1976,1262,1262,0,1262,2,3,6,1,2,460,298,0,181500
7,2001,2002,920,920,866,1786,2,3,6,1,2,608,0,42,223500
7,1915,1970,756,961,756,1717,1,3,7,1,3,642,0,35,140000
8,2000,2000,1145,1145,1053,2198,2,4,9,1,3,836,192,84,250000
5,1993,1995,796,796,566,1362,1,1,5,0,2,480,40,30,143000
8,2004,2005,1686,1694,0,1694,2,3,7,1,2,636,255,57,307000
7,1973,1973,1107,1107,983,2090,2,3,7,2,2,484,235,204,200000
7,1931,1950,952,1022,752,1774,2,2,8,2,2,468,90,0,129900
5,1939,1950,991,1077,0,1077,1,2,5,2,1,205,0,4,118000
5,1965,1965,1040,1040,0,1040,1,3,5,0,1,384,0,0,129500
9,2005,2006,1175,1182,1142,2324,3,4,11,2,3,736,147,21,345000
5,1962,1962,912,912,0,912,1,2,4,0,1,352,140,0,144000
7,2006,2007,1494,1494,0,1494,2,3,7,1,3,840,160,33,279500
6,1960,1960,1253,1253,0,1253,1,2,5,1,1,352,0,213,157000
7,1929,2001,832,854,0,854,1,2,5,0,2,576,48,112,132000
6,1970,1970,1004,1004,0,1004,1,2,5,1,2,480,0,0,149000
4,1967,1967,0,1296,0,1296,2,2,6,0,2,516,0,0,90000
5,2004,2004,1114,1114,0,1114,1,3,6,0,2,576,0,102,159000
5,1958,1965,1029,1339,0,1339,1,3,6,0,1,294,0,0,139000
8,2005,2006,1158,1158,1218,2376,3,4,9,1,3,853,240,154,325300
7,1930,1950,637,1108,0,1108,1,3,6,1,1,280,0,0,139400
8,2002,2002,1777,1795,0,1795,2,3,7,1,2,534,171,159,230000
5,1976,1976,1040,1060,0,1060,1,3,6,1,2,572,100,110,129900
5,1968,2001,1060,1060,0,1060,1,3,6,1,1,270,406,90,154000
8,2007,2007,1566,1600,0,1600,2,3,7,1,3,890,0,56,256300
5,1951,2000,900,900,0,900,1,3,5,0,2,576,222,32,134800
8,2007,2008,1704,1704,0,1704,2,3,7,1,3,772,0,50,306000
5,1957,1997,1484,1600,0,1600,1,2,6,2,1,319,288,258,207500
4,1927,1950,520,520,0,520,1,1,4,0,1,240,49,0,68500
4,1920,1950,649,649,668,1317,1,3,6,0,1,250,0,54,40000
5,1966,2006,1228,1228,0,1228,1,3,6,0,1,271,0,65,149350
8,2007,2007,1234,1234,0,1234,2,3,7,0,2,484,0,30,179900
5,1959,1959,1398,1700,0,1700,1,4,6,1,2,447,0,38,165500
9,2005,2005,1561,1561,0,1561,2,2,6,1,2,556,203,47,277500
8,2004,2005,1117,1132,1320,2452,3,4,9,1,3,691,113,32,309000
5,1994,1995,1097,1097,0,1097,1,3,6,0,2,672,392,64,145000
5,1954,1990,1297,1297,0,1297,1,3,5,1,2,498,0,0,153000
5,1953,2007,1057,1057,0,1057,1,3,5,0,1,246,0,52,109000
4,1955,1955,0,1152,0,1152,2,2,6,0,0,0,0,0,82000
6,1965,1965,1088,1324,0,1324,2,3,6,1,2,440,0,138,160000
5,1959,1959,1350,1328,0,1328,1,2,5,2,1,308,0,104,170000
5,1983,1983,840,884,0,884,1,2,5,0,2,504,240,0,144000
5,1975,1980,938,938,0,938,1,3,5,0,1,308,145,0,130250
5,1959,1959,1150,1150,0,1150,1,3,6,0,1,300,0,0,141000
9,2005,2005,1752,1752,0,1752,2,2,6,1,2,576,196,82,319900
7,2003,2003,1434,1518,631,2149,1,1,6,1,2,670,168,43,239686
8,2006,2006,1656,1656,0,1656,2,3,7,0,3,826,0,146,249700
4,1920,2008,736,736,716,1452,2,2,8,0,0,0,0,0,113000
5,1966,1966,955,955,0,955,1,3,6,0,1,386,0,0,127000
6,1997,1997,794,794,676,1470,2,3,6,0,2,388,0,75,177000
6,1934,1950,816,816,0,1176,1,3,6,1,2,528,112,0,114500
5,1963,1963,816,816,0,816,1,2,5,0,2,516,106,0,110000
9,1981,1987,1842,1842,0,1842,0,0,5,1,3,894,857,72,385000
5,1955,1955,384,1360,0,1360,1,3,6,1,2,572,0,50,130000
6,1964,1964,1425,1425,0,1425,2,3,7,1,2,576,0,0,180500
8,1999,2000,970,983,756,1739,2,3,7,0,2,480,115,0,172500
7,2004,2004,860,860,860,1720,2,3,7,0,2,565,0,70,196500
10,2006,2006,1410,1426,1519,2945,3,3,10,1,3,641,192,0,438780
5,1972,1972,780,780,0,780,1,2,4,0,1,352,196,0,124900
6,2004,2004,1158,1158,0,1158,1,3,5,0,2,576,0,50,158000
5,1920,1996,530,581,530,1111,1,3,6,0,1,288,0,0,101000
8,2006,2006,1370,1370,0,1370,2,2,6,1,2,484,120,49,202500
7,1921,1950,576,902,808,1710,2,3,9,0,2,480,12,11,140000
7,1997,1998,1057,1057,977,2034,2,3,8,0,2,645,576,36,219500
8,2004,2005,1143,1143,1330,2473,2,4,9,1,3,852,192,151,317000
7,1970,1989,1947,2207,0,2207,2,3,7,1,2,576,301,0,180000
7,2003,2003,1453,1479,0,1479,2,3,7,0,2,558,144,29,226000
4,1945,1950,747,747,0,747,1,2,4,0,1,220,0,0,80000
7,1953,1953,1304,1304,983,2287,2,3,7,1,2,667,0,21,225000
7,1973,1973,2223,2223,0,2223,2,3,8,2,2,516,300,0,244000
4,1982,2006,845,845,0,845,1,2,4,0,2,360,0,0,129500
7,1998,1998,832,885,833,1718,2,3,7,1,2,427,0,94,185000
5,1954,2003,1086,1086,0,1086,1,3,6,0,2,490,0,0,144900
3,1915,1950,840,840,765,1605,2,3,8,0,1,379,0,0,107400
4,1973,1973,462,526,462,988,1,2,5,0,1,297,120,101,91000
4,1956,1956,952,952,0,952,1,2,4,0,1,283,0,0,135750
5,1948,2001,672,1072,213,1285,1,2,6,0,1,240,0,0,127000
4,1968,1968,1768,1768,0,1768,2,4,8,0,0,0,0,0,136500
5,1910,1981,440,682,548,1230,1,2,5,0,2,440,74,0,110000
6,1968,1968,896,1182,960,2142,2,4,8,1,1,509,0,72,193500
6,1998,1998,1237,1337,0,1337,2,2,5,0,2,405,0,199,153500
8,2007,2007,1563,1563,0,1563,2,3,6,1,3,758,144,99,245000
5,1960,1960,1065,1065,0,1065,1,3,6,0,2,461,74,0,126500
7,1995,1996,384,804,670,1474,2,3,7,1,2,400,120,72,168500
8,1991,1992,1288,1301,1116,2417,2,4,9,1,2,462,127,82,260000
6,2005,2005,684,684,876,1560,2,3,6,1,2,400,100,38,174000
6,2009,2009,612,612,612,1224,2,2,4,0,2,528,0,234,164500
3,1915,1982,1013,1013,0,1526,1,2,6,0,0,0,0,0,85000
4,1994,1995,990,990,0,990,1,3,5,0,0,0,0,0,123600
4,1950,1950,0,1040,0,1040,1,2,4,0,2,420,0,29,109900
5,1961,1961,1235,1235,0,1235,1,2,6,0,2,480,0,0,98600
5,1921,2006,876,964,0,964,1,2,5,0,2,432,0,0,163500
6,1910,1998,1214,1260,1031,2291,2,4,9,1,2,506,0,0,133900
6,1997,1997,824,905,881,1786,2,3,7,0,2,684,0,162,204750
6,1993,1993,680,680,790,1470,2,3,6,1,2,420,232,63,185000
7,1999,1999,1588,1588,0,1588,2,3,6,0,2,472,158,29,214000
4,1965,1965,960,960,0,960,1,3,6,0,1,432,120,0,94750
5,1920,1950,458,835,0,835,1,2,5,0,1,366,0,0,83000
4,1959,1959,950,1225,0,1225,1,3,6,0,0,0,352,0,128950
6,1977,2001,1610,1610,0,1610,2,3,6,2,2,480,168,68,205000
6,1985,1985,741,977,755,1732,2,3,7,1,2,476,192,46,178000
5,1979,1979,0,1535,0,1535,2,4,8,0,2,410,0,0,118964
7,2009,2009,1226,1226,0,1226,2,3,6,0,3,740,0,36,198900
7,1931,1950,1040,1226,592,1818,1,4,7,2,1,240,0,0,169500
8,2003,2004,1053,1053,939,1992,2,3,9,1,2,648,140,45,250000
4,1885,1995,641,1047,0,1047,1,2,6,0,1,273,0,0,100000
5,1948,1950,789,789,0,789,1,2,5,0,1,250,0,0,115000
5,1919,2005,793,997,520,1517,2,3,7,0,0,0,0,0,115000
6,1977,1977,1844,1844,0,1844,2,3,7,1,2,546,0,122,190000
6,1954,1972,994,1216,639,1855,2,4,7,0,1,325,182,0,136900
7,2000,2000,384,774,656,1430,2,3,7,1,2,400,180,0,180000
7,2007,2007,1264,1282,1414,2696,2,4,10,1,3,792,120,184,383970
6,1953,1953,1809,2259,0,2259,2,3,7,2,2,450,166,120,217000
6,1945,2002,1028,1436,884,2320,2,3,9,1,1,180,224,0,259500
6,1999,1999,729,729,729,1458,2,2,5,1,2,440,0,32,176000
5,1962,1962,1092,1092,0,1092,1,3,6,1,1,288,0,20,139000
5,2006,2007,1125,1125,0,1125,1,2,5,0,2,430,80,64,155000
7,1990,1990,1673,1699,1523,3222,3,5,11,2,3,594,367,0,320000
6,2005,2006,728,728,728,1456,2,3,8,1,2,390,0,24,163990
6,1969,1969,938,988,0,988,1,1,4,2,2,540,0,130,180000
4,1939,1950,732,772,351,1123,1,3,4,0,1,264,0,0,100000
6,1958,1958,1080,1080,0,1080,1,3,5,0,1,288,0,0,136000
6,1993,1993,1199,1199,0,1199,2,2,5,0,2,530,0,63,153900
6,1979,1998,1362,1586,0,1586,2,3,7,1,2,435,192,0,181000
6,1935,1982,520,520,0,754,1,2,5,0,0,0,53,0,84500
6,1976,1976,1078,958,0,958,2,2,5,1,2,440,0,205,128000
5,1930,1950,672,840,0,840,1,3,5,1,0,0,0,0,87000
6,1966,1966,660,660,688,1348,1,3,6,1,2,453,188,108,155000
5,1958,1991,1008,1053,0,1053,1,3,6,0,2,750,0,80,150000
7,1966,1966,924,1216,941,2157,2,4,8,2,2,487,105,66,226000
6,2000,2000,992,1022,1032,2054,2,3,7,1,2,390,24,48,244000
5,1959,2002,1063,1327,0,1327,1,3,7,0,2,624,0,0,150750
8,2001,2002,1267,1296,0,1296,2,2,6,0,2,471,192,25,220000
5,1968,1993,1461,1721,0,1721,2,3,7,1,2,440,0,96,180000
7,1970,1970,1304,1682,0,1682,2,3,7,1,2,530,98,0,174000
5,1967,1967,1214,1214,0,1214,2,3,5,1,1,318,0,111,143000
7,1988,1989,1907,1959,0,1959,3,5,9,0,3,766,0,0,171000
8,1999,2000,1004,1004,848,1852,2,3,7,2,3,660,224,106,230000
6,1997,1997,928,928,836,1764,2,3,7,0,2,470,276,99,231500
4,1971,1971,864,864,0,864,1,3,5,1,0,0,0,0,115000
7,2005,2005,1734,1734,0,1734,2,3,7,0,2,660,160,24,260000
5,1952,1952,910,910,475,1385,2,4,6,0,2,720,0,0,166000
7,1999,1999,1490,1501,0,1501,2,3,6,0,2,577,144,29,204000
5,1963,1963,1728,1728,0,1728,2,6,10,0,2,504,0,0,125000
6,2004,2006,970,970,739,1709,2,3,7,0,2,380,0,40,130000
5,1931,1993,715,875,0,875,1,2,5,0,1,180,48,0,105000
7,2001,2001,884,884,1151,2035,2,3,8,1,2,434,144,48,222500
7,2004,2005,1080,1080,0,1080,1,3,6,0,0,0,0,0,141000
5,1936,1950,896,896,448,1344,1,3,7,0,1,240,200,114,115000
5,1975,1975,969,969,0,969,1,3,5,0,2,440,0,0,122000
8,2007,2008,1710,1710,0,1710,2,2,6,1,3,866,0,102,372402
6,1971,1971,825,1097,896,1993,2,4,8,1,2,495,0,66,190000
6,1960,1975,1602,1252,0,1252,1,1,4,1,2,564,409,0,235000
6,1923,1950,1200,1200,0,1200,1,4,7,0,1,312,0,0,125000
6,1924,1950,572,572,524,1096,1,2,5,0,0,0,0,8,79000
5,1950,1950,0,1040,0,1040,1,2,5,0,2,625,0,0,109500
8,2009,2010,774,774,1194,1968,2,4,8,1,3,680,0,75,269500
7,2004,2005,991,991,956,1947,2,3,8,1,2,678,0,136,254900
7,2005,2006,1392,1392,1070,2462,2,4,9,1,2,576,239,132,320000
6,1984,1984,1232,1232,0,1232,2,3,6,0,2,516,0,0,162500
9,2003,2004,1572,1572,1096,2668,2,3,10,2,3,726,400,0,412500
7,2005,2005,1541,1541,0,1541,2,3,7,1,2,532,0,70,220000
4,1956,1956,882,882,0,882,1,1,4,0,0,0,0,0,103200
6,1926,2004,1149,1149,467,1616,2,3,5,0,1,216,0,0,152000
5,1940,1999,644,808,547,1355,2,4,6,0,0,0,140,0,127500
5,1955,1993,1617,1867,0,1867,1,2,7,3,1,303,476,0,190000
8,2007,2007,1582,1610,551,2161,1,3,8,1,3,789,178,120,325624
7,2004,2004,840,840,880,1720,2,3,7,1,2,440,100,48,183500
8,1981,1981,1686,1707,0,1707,2,2,6,1,2,511,574,64,228000
5,1941,1950,720,854,0,1382,1,2,7,0,2,660,237,0,128500
6,1960,1960,1080,1656,0,1656,1,3,7,2,2,528,210,62,215000
7,1987,1987,1064,1064,703,1767,2,2,5,1,2,504,441,35,239000
6,1961,1961,1362,1362,0,1362,1,3,6,1,2,504,0,20,163000
6,1986,1986,1606,1651,0,1651,2,3,7,1,2,616,192,0,184000
6,1950,2001,1202,2158,0,2158,2,4,7,1,2,576,0,29,243000
6,1988,1989,1151,1164,896,2060,2,4,8,1,2,521,0,228,211000
5,1958,1958,1052,1252,668,1920,2,4,8,1,2,451,0,0,172500
9,2008,2009,2216,2234,0,2234,2,1,9,1,3,1166,0,60,501837
5,1923,2006,968,968,0,968,1,2,5,0,2,480,0,0,100000
6,2000,2000,756,769,756,1525,2,3,5,1,2,440,0,0,177000
7,1920,1950,793,901,901,1802,1,4,9,1,1,216,0,0,200100
5,1957,2006,0,1340,0,1340,1,3,7,1,1,252,116,0,120000
7,2003,2003,1362,1362,720,2082,2,3,6,0,2,484,280,238,200000
5,1908,1991,504,936,316,1252,1,3,5,0,2,576,104,0,127000
10,1892,1993,1107,1518,1518,3608,2,4,12,2,3,840,0,260,475000
7,1990,1991,1188,1217,0,1217,2,3,6,0,2,497,168,27,173000
5,1916,1987,660,808,704,1656,2,3,8,0,1,180,0,0,135000
5,1979,1979,1086,1224,0,1224,0,2,6,2,2,528,120,0,153337
8,2001,2002,1593,1593,0,1593,1,0,5,1,2,682,0,120,286000
8,1932,1994,853,1549,1178,2727,2,3,10,2,2,440,0,74,315000
7,1972,2004,725,725,754,1479,1,4,7,0,2,484,0,32,184000
7,1999,1999,1431,1431,0,1431,2,3,6,0,2,666,0,35,192000
7,2004,2004,970,970,739,1709,2,3,7,0,2,380,0,40,130000
5,1972,1972,864,864,0,864,1,3,5,0,1,352,0,0,127000
6,1976,1976,855,855,601,1456,2,3,7,1,2,440,87,0,148500
7,2007,2007,1726,1726,0,1726,2,3,8,1,3,786,171,138,311872
8,1918,1990,1360,1360,1360,3112,2,4,8,1,2,795,0,16,235000
6,1912,1950,755,929,929,2229,1,5,8,0,0,0,0,198,104000
8,2004,2005,1713,1713,0,1713,2,3,7,1,3,856,0,26,274900
4,2003,2004,1121,1121,0,1121,2,2,5,0,2,440,132,64,140000
6,1977,1977,1196,1279,0,1279,2,3,6,2,2,473,238,83,171500
6,1924,1950,617,865,445,1310,2,2,6,0,1,398,0,0,112000
6,2004,2004,848,848,0,848,1,1,3,1,2,420,149,0,149000
5,1947,1950,720,720,564,1284,1,2,5,0,1,240,0,35,110000
7,1990,1990,1424,1442,0,1442,2,3,5,0,2,500,0,34,180500
5,1962,1962,1140,1696,0,1696,1,3,8,1,1,349,0,30,143900
4,1960,1960,1100,1100,0,1100,1,3,6,1,1,312,355,0,141000
7,1988,1989,1157,1180,882,2062,2,3,7,1,2,454,60,55,277000
6,1964,1964,1092,1092,0,1092,1,3,6,0,2,504,0,0,145000
5,1925,1950,864,864,0,864,1,2,5,0,0,0,0,0,98000
6,2009,2009,1212,1212,0,1212,2,3,6,0,2,460,100,22,186000
7,2009,2009,900,932,920,1852,2,3,7,1,2,644,168,108,252678
5,1995,1995,990,990,0,990,1,3,5,0,2,576,224,0,156000
6,1977,1977,689,689,703,1392,1,3,6,0,1,299,0,36,161750
5,1957,1996,1070,1236,0,1236,1,2,6,1,1,447,0,0,134450
7,2004,2004,1436,1436,0,1436,2,3,8,0,2,484,139,98,210000
4,1925,1950,686,810,518,1328,1,3,8,0,1,210,0,172,107000
7,1939,2006,798,1137,817,1954,1,3,8,2,2,431,0,119,311500
7,2005,2006,1248,1248,0,1248,2,2,5,0,2,438,108,0,167240
7,2006,2006,1498,1498,0,1498,2,2,5,0,2,675,351,33,204900
6,2002,2002,1010,1010,1257,2267,2,4,8,1,2,390,120,46,200000
6,1975,1975,713,811,741,1552,2,3,6,1,2,434,209,208,179900
4,1971,1971,864,864,0,864,1,2,4,0,2,576,216,0,97000
10,2003,2003,2392,2392,0,2392,2,3,8,1,3,968,248,105,386250
5,1971,1971,630,630,672,1302,2,3,6,0,1,280,0,0,112000
7,1995,1995,1203,1214,1306,2520,2,4,9,1,3,721,224,114,290000
6,1970,1970,483,483,504,987,1,2,5,0,1,280,0,0,106000
5,1967,1967,912,912,0,912,1,3,5,1,1,336,0,0,125000
7,2005,2006,1373,1555,0,1555,2,2,7,1,2,430,143,20,192500
6,1959,1959,1194,1194,0,1194,1,3,6,0,1,312,0,0,148000
8,1995,1996,1462,1490,1304,2794,2,4,9,1,3,810,0,146,403000
6,1972,1972,483,483,504,987,1,2,5,1,1,288,0,0,94500
5,1976,1976,894,894,0,894,1,3,5,0,1,308,365,0,128200
6,2002,2002,860,860,1100,1960,2,4,8,2,2,440,288,48,216500
6,1971,1971,483,483,504,987,1,2,5,0,1,264,0,0,89500
7,2004,2004,1414,1414,0,1414,2,3,6,0,2,494,132,105,185500
7,1993,2003,996,1014,730,1744,2,3,7,0,2,457,370,70,194500
8,2007,2007,1694,1694,0,1694,2,3,7,0,3,818,168,228,318000
6,1945,1950,735,798,689,1487,1,3,7,1,1,220,0,140,113000
8,2008,2008,1566,1566,0,1566,2,3,7,0,2,750,144,168,262500
5,1945,1997,686,866,0,866,1,2,4,0,0,0,58,42,110500
5,1900,1950,540,889,551,1440,1,3,6,0,1,352,0,0,79000
6,1980,1980,626,626,591,1217,1,3,6,1,1,288,0,28,120000
7,1994,2002,948,1222,888,2110,2,3,8,2,2,463,0,130,205000
7,1988,1988,1845,1872,0,1872,2,3,6,1,2,604,197,39,241500
6,1910,1950,1020,908,1020,1928,2,4,9,0,1,440,0,60,137000
6,1954,1954,1367,1375,0,1375,1,2,5,1,2,451,0,30,140000
7,2003,2003,840,840,828,1668,2,3,8,0,2,500,144,68,180000
6,1958,2006,1444,1444,700,2144,2,4,7,2,2,389,0,98,277000
3,1940,1966,728,1306,0,1306,1,3,6,0,0,0,263,0,76500
8,2006,2007,1573,1625,0,1625,2,2,5,1,2,538,123,0,235000
6,2004,2004,798,798,842,1640,2,3,6,0,2,520,138,45,173000
6,1964,1991,1302,1302,0,1302,2,3,7,0,1,309,333,0,158000
5,1957,1957,1314,1314,0,1314,1,3,5,0,1,294,250,0,145000
7,1999,1999,975,1005,1286,2291,2,4,8,1,2,429,192,0,230000
6,2003,2003,864,864,864,1728,2,3,7,0,2,673,216,56,207500
7,2006,2006,1604,1604,0,1604,2,3,8,1,2,660,123,110,220000
7,2001,2001,963,963,829,1792,2,3,7,1,2,564,0,96,231500
5,1956,1956,0,882,0,882,1,2,4,0,1,308,0,45,97000
6,1962,1962,1362,1382,0,1382,1,3,6,1,2,884,0,0,176000
8,2007,2007,1482,1482,1092,2574,2,3,10,1,3,868,0,148,276000
6,1977,1995,506,1212,0,1212,1,3,6,1,2,492,292,12,151000
5,1929,2001,926,926,0,1316,1,3,6,0,2,484,0,0,130000
5,1925,2004,680,764,0,764,1,2,4,0,2,504,0,0,73000
6,1981,1981,1422,1422,0,1422,2,3,7,1,2,576,276,0,175500
6,1997,1997,802,802,709,1511,2,3,8,1,2,413,95,75,185000
5,1939,1997,720,1052,720,2192,2,4,8,1,1,240,262,24,179500
5,1940,1955,740,778,0,778,1,2,4,1,1,924,0,25,120500
6,1976,1976,1143,1113,0,1113,1,3,6,1,1,504,370,30,148000
8,2006,2006,1095,1095,844,1939,2,3,8,1,3,1053,192,51,266000
7,1954,2005,1385,1363,0,1363,1,2,5,2,2,439,81,0,241500
8,1999,2007,1152,1164,1106,2270,2,4,9,1,3,671,132,57,290000
6,1958,1988,1240,1632,0,1632,2,3,6,1,1,338,289,0,139000
5,1982,1982,816,816,0,816,1,2,5,0,1,264,168,0,124500
7,1925,2007,952,952,596,1548,2,3,5,0,2,672,74,0,205000
7,2003,2003,1560,1560,0,1560,2,3,7,0,2,573,100,150,201000
4,1951,1951,864,864,0,864,1,2,4,0,2,400,0,0,141000
9,2006,2007,2121,2121,0,2121,2,3,8,1,3,732,124,98,415298
7,1977,1977,1160,1156,866,2022,2,4,8,1,2,505,288,117,192000
7,1989,1989,807,1175,807,1982,2,3,7,1,2,575,0,84,228500
6,2006,2006,1262,1262,0,1262,2,2,5,0,2,572,0,120,185000
7,2007,2008,1314,1314,0,1314,2,2,6,1,2,626,172,62,207500
8,2008,2009,1468,1468,0,1468,2,3,6,1,3,898,210,150,244600
6,1992,1992,1575,1575,0,1575,2,2,5,0,2,529,0,0,179200
7,2006,2007,625,625,625,1250,2,2,5,0,2,528,0,54,164700
6,1962,1981,912,1085,649,1734,1,3,7,1,2,440,0,0,159000
4,1971,1971,858,858,0,858,1,3,5,0,0,0,0,0,88000
5,1967,1967,882,900,0,900,1,3,5,0,1,280,0,0,122000
6,1915,2003,698,698,698,1396,1,3,7,0,1,384,0,0,153575
8,2006,2006,1079,1079,840,1919,2,3,8,1,2,685,0,51,233230
5,1912,2000,780,936,780,1716,2,6,9,0,0,0,0,184,135900
5,1949,2008,768,1148,568,1716,1,3,8,1,1,281,0,0,131000
7,1977,1994,795,1468,795,2263,2,3,9,1,2,539,0,250,235000
6,1953,1953,1416,1644,0,1644,1,3,7,2,2,418,110,0,167000
6,1984,1984,1003,1003,0,1003,1,3,6,0,2,588,120,0,142500
5,1950,1950,910,910,648,1558,1,4,6,0,1,282,289,0,152000
7,1997,1998,975,975,975,1950,2,3,7,1,2,576,0,10,239000
6,1968,1968,702,1041,702,1743,1,3,7,1,2,539,224,0,175000
6,1950,2004,1092,1152,0,1152,1,3,6,1,1,300,0,36,158500
5,1953,1953,1165,1336,0,1336,1,2,5,2,1,375,0,0,157000
8,1998,1999,1028,1210,1242,2452,2,4,9,1,2,683,208,50,267000
7,2001,2002,1541,1541,0,1541,2,3,6,1,3,843,468,81,205000
5,1972,1972,894,894,0,894,1,3,5,0,2,552,256,0,149900
7,1880,2002,1470,1675,1818,3493,3,3,10,1,3,870,302,0,295000
8,2004,2005,2000,2000,0,2000,2,3,8,0,3,888,168,0,305900
7,1990,1991,700,1122,1121,2243,2,4,8,1,3,746,127,44,225000
6,1920,1950,319,1035,371,1406,1,3,6,0,0,0,0,144,89500
4,1940,1950,861,861,0,861,1,1,4,0,2,539,158,0,82500
9,2003,2004,1896,1944,0,1944,2,3,8,3,3,708,208,175,360000
6,1993,1994,697,697,804,1501,2,3,6,1,2,420,190,63,165600
6,1948,2002,972,972,0,972,1,2,5,1,1,240,0,0,132000
5,1939,1950,793,793,325,1118,1,3,5,1,2,410,0,0,119900
7,1965,1965,2136,2036,0,2036,2,3,8,2,2,513,0,0,375000
7,1925,1990,728,832,809,1641,1,3,6,1,2,546,0,0,178000
7,2004,2005,716,716,716,1432,2,3,6,1,2,432,100,51,188500
7,1980,1980,845,1153,1200,2353,2,4,10,1,2,484,288,195,260000
8,2006,2006,1088,1088,871,1959,2,3,8,1,3,1025,208,46,270000
7,1993,1993,1347,1372,1274,2646,2,4,9,1,3,656,340,60,260000
7,1980,1980,1372,1472,0,1472,2,3,6,2,2,588,233,48,187500
9,2006,2006,1249,1249,1347,2596,3,4,9,0,3,840,240,154,342643
8,2004,2004,1136,1136,1332,2468,2,4,10,1,3,872,184,154,354000
7,1986,1987,1502,1553,1177,2730,2,4,8,1,2,576,201,96,301000
3,1955,2005,1162,1163,0,1163,1,3,6,0,1,220,142,98,126175
7,1967,2007,710,1898,1080,2978,2,5,11,1,2,564,240,0,242000
5,1941,1950,720,803,0,803,1,2,5,0,2,360,0,0,87000
8,1993,1993,1719,1719,0,1719,1,1,6,2,2,473,122,30,324000
6,1960,1960,1383,1383,0,1383,1,3,7,0,1,292,0,45,145250
6,1916,1994,844,1445,689,2134,2,5,10,0,2,441,0,60,214500
5,1920,1950,596,596,596,1192,1,3,6,0,1,189,0,0,78000
5,1964,1964,1728,1728,0,1728,2,6,10,0,1,352,155,0,119000
5,1958,1992,1056,1056,0,1056,1,3,6,0,1,308,0,0,139000
8,2003,2004,3206,1629,0,1629,2,3,7,1,3,880,0,0,284000
7,2004,2004,1358,1358,0,1358,2,2,6,1,2,484,192,30,207000
6,1998,1998,943,943,695,1638,2,3,7,2,2,472,100,38,192000
5,1965,1965,1499,1619,167,1786,2,3,7,2,2,529,670,0,228950
9,2005,2006,1922,1922,0,1922,2,3,8,1,3,676,178,51,377426
7,2002,2003,1536,1536,0,1536,2,3,7,0,2,532,192,74,214000
7,1984,1998,1208,1621,0,1621,2,3,8,0,2,440,108,45,202500
6,1958,1998,1215,1215,0,1215,1,3,6,0,1,297,0,0,155000
8,2002,2002,967,993,915,1908,2,4,9,0,2,431,135,0,202900
4,1950,1950,721,841,0,841,1,2,4,0,1,294,250,0,82000
3,1949,1950,0,1040,0,1040,2,2,6,0,2,400,0,0,87500
9,2005,2005,1684,1684,0,1684,2,2,6,1,2,564,495,72,266000
5,1976,1976,536,536,576,1112,1,3,4,0,1,336,182,0,85000
6,1939,1950,972,972,605,1577,1,3,6,1,1,312,0,0,140200
6,1960,1998,958,958,0,958,1,2,5,0,1,301,0,0,151500
6,1960,1960,1478,1478,0,1478,2,3,6,2,2,498,0,40,157500
7,2003,2004,764,764,862,1626,2,2,6,0,2,474,0,27,154000
9,2005,2006,1848,1848,880,2728,2,4,10,2,3,706,0,0,437154
9,2007,2007,1869,1869,0,1869,2,2,6,1,2,617,210,54,318061
7,1986,1986,1453,1453,0,1453,1,2,6,1,2,445,0,80,190000
5,1941,1950,616,616,495,1111,1,3,5,0,1,200,48,0,95000
6,1928,2003,624,720,0,720,1,2,5,0,2,484,106,0,105900
6,1940,2000,940,1192,403,1595,1,2,6,2,1,240,0,0,140000
6,1995,1995,1200,1200,0,1200,2,3,6,0,2,521,0,26,177500
6,1992,1992,1158,1167,0,1167,2,3,6,0,2,400,120,26,173000
5,1976,1976,1142,1142,0,1142,1,3,6,1,2,528,536,90,134000
5,1958,1958,1062,1352,0,1352,1,3,6,0,1,288,168,0,130000
8,1998,1998,1086,1086,838,1924,2,3,7,1,2,592,208,75,280000
6,1978,1978,888,912,0,912,1,2,5,1,2,470,0,0,156000
5,1940,1982,883,988,517,1505,1,3,8,0,1,240,0,0,145000
7,2003,2003,0,495,1427,1922,3,4,7,1,2,672,0,0,198500
6,1972,2007,483,483,504,987,1,2,5,0,1,264,250,0,118000
6,1976,1976,796,790,784,1574,2,3,6,1,2,566,306,111,190000
5,1920,1997,672,672,672,1344,1,3,6,0,1,468,0,128,147000
6,1963,1963,1394,1394,0,1394,1,3,6,2,2,514,0,76,159000
6,1962,1962,1099,1431,0,1431,1,3,6,1,1,296,64,110,165000
5,1954,1954,1268,1268,0,1268,1,2,7,1,1,244,0,98,132000
5,1959,2006,1063,1287,0,1287,1,3,7,1,2,576,364,17,162000
6,2000,2000,953,953,711,1664,2,3,7,1,2,460,100,40,172400
4,1959,1959,0,1120,468,1588,2,4,7,1,2,680,0,59,134432
6,1984,1984,744,752,0,752,1,2,4,0,1,264,353,0,125000
5,1953,1953,608,1319,0,1319,1,3,5,0,1,270,66,0,123000
7,2003,2004,847,847,1081,1928,2,4,8,1,2,434,100,48,219500
1,1922,1950,683,904,0,904,0,1,4,0,0,0,0,0,61000
5,1996,1996,870,914,0,914,1,2,5,0,2,576,0,0,148000
8,2004,2005,1580,1580,886,2466,3,4,8,1,2,610,159,214,340000
9,2010,2010,1856,1856,0,1856,1,1,8,1,3,834,113,0,394432
6,2000,2000,982,1007,793,1800,2,3,7,1,2,463,100,63,179000
5,1924,1950,1026,1026,665,1691,2,3,6,1,1,308,0,0,127000
7,2006,2006,1293,1301,0,1301,2,2,5,1,2,572,216,121,187750
7,2006,2006,939,939,858,1797,2,3,8,0,2,639,144,53,213500
6,1928,1950,784,784,0,784,1,2,5,0,2,360,0,0,76000
6,1992,1992,1580,1079,874,1953,2,3,9,2,2,501,216,231,240000
8,2004,2005,1256,1269,0,1269,2,2,6,1,2,430,146,20,192000
5,1910,1996,658,658,526,1184,1,5,8,0,0,0,0,151,81000
6,1976,1976,1041,1125,0,1125,1,3,6,1,1,352,296,0,125000
7,1999,2000,1468,1479,0,1479,2,3,6,0,2,577,120,25,191000
10,2007,2008,1682,1742,590,2332,2,3,9,1,3,846,196,134,426000
5,1900,1950,861,961,406,1367,1,4,7,0,1,384,0,130,119000
6,2001,2002,804,804,1157,1961,2,3,7,1,2,560,125,192,215000
5,1959,1959,0,882,0,882,1,3,5,0,1,294,0,0,106500
4,1941,1950,788,788,0,788,1,2,4,2,0,0,0,0,100000
5,1940,1950,735,735,299,1034,1,2,5,0,1,240,0,39,109000
5,1956,1956,1144,1144,0,1144,1,3,6,0,1,596,44,0,129000
5,1972,1972,894,894,0,894,1,2,6,0,2,600,215,0,123000
5,1962,1962,864,876,936,1812,2,4,8,1,1,264,0,168,169500
5,1920,1950,961,1077,0,1077,1,2,6,0,1,338,0,0,67000
7,2006,2007,1092,1112,438,1550,2,2,7,0,2,438,0,168,241000
8,1996,1996,1260,1288,0,1288,1,1,4,2,2,500,120,30,245500
7,2005,2005,1310,1310,0,1310,2,3,6,1,2,400,0,0,164990
5,1940,1997,672,672,0,672,1,2,4,0,1,240,168,0,108000
8,1998,1998,1141,1165,1098,2263,2,4,10,1,2,420,144,123,258000
6,1995,1996,806,806,766,1572,2,3,7,1,2,373,0,40,168000
4,1976,1993,1281,1620,0,1620,2,3,8,1,2,490,120,78,150000
6,1936,1950,1064,1166,0,1639,1,3,6,0,1,240,0,0,115000
6,1915,1976,840,840,840,1680,2,4,8,0,1,308,0,0,177000
7,2006,2006,1063,1071,1101,2172,2,3,9,1,3,947,192,62,280000
8,2007,2008,1034,1050,1028,2078,2,3,8,1,3,836,0,102,339750
5,1958,1958,1276,1276,0,1276,1,3,5,0,1,350,0,0,60000
5,1955,1955,1056,1056,0,1056,1,3,5,0,2,572,264,0,145000
7,2009,2009,1470,1478,0,1478,2,2,7,1,2,484,0,144,222000
5,1927,1950,1008,1028,0,1028,1,2,5,1,2,360,0,0,115000
7,1993,1993,1080,1080,1017,2097,2,3,9,1,3,678,196,187,228000
7,2007,2007,1340,1340,0,1340,2,3,6,0,2,396,100,30,181134
6,1978,1978,672,672,728,1400,1,3,6,1,2,440,0,0,149500
6,1918,1950,1370,1370,1254,2624,2,4,10,1,3,864,0,0,239000
5,1940,1950,756,756,378,1134,1,3,7,0,1,240,0,0,126000
5,1968,1968,1056,1056,0,1056,1,3,6,1,1,304,0,85,142000
7,1997,1998,1344,1344,0,1344,2,2,8,0,4,784,0,0,206300
6,1977,2000,1602,1602,0,1602,2,3,8,1,2,529,240,0,215000
5,1954,1954,988,988,0,988,1,2,4,0,2,520,0,0,113000
8,1998,1998,1470,1470,1160,2630,2,4,8,1,3,696,0,66,315000
6,1956,1956,1196,1196,0,1196,1,2,6,1,1,297,0,44,139000
7,1946,1992,651,707,682,1389,1,3,6,2,1,240,0,0,135000
7,1989,1989,1518,1644,0,1644,2,2,5,1,2,569,80,0,275000
4,1957,1957,907,907,0,907,1,3,5,0,1,352,0,0,109008
7,2007,2007,1208,1208,0,1208,2,2,6,0,2,628,105,54,195400
6,1988,1988,1392,1412,0,1412,2,3,6,1,2,576,0,0,175000
6,1971,1971,483,483,504,987,1,2,4,0,1,264,0,0,85400
6,1920,1998,901,1088,110,1198,1,4,7,0,0,0,0,98,79900
5,1971,1971,765,765,600,1365,1,2,6,0,2,440,240,36,122500
6,1997,1998,926,926,678,1604,2,3,7,1,2,470,0,36,181000
4,1972,1972,630,630,0,630,1,1,3,0,0,0,88,0,81000
7,1996,1996,799,827,834,1661,2,3,6,1,2,550,158,61,212000
6,1920,1950,648,734,384,1118,1,2,6,0,2,440,0,0,116000
6,1926,2004,884,904,0,904,1,2,4,0,1,180,0,0,119000
5,1913,2002,440,694,0,694,1,2,4,1,1,352,0,0,90350
6,1920,2000,684,684,512,1196,1,3,7,0,2,528,0,46,110000
10,2008,2008,3094,2402,0,2402,2,2,10,2,3,672,0,72,555000
4,1955,1955,1440,1440,0,1440,2,4,8,0,0,0,0,0,118000
5,1930,1992,1078,1128,445,1573,2,3,8,1,2,360,0,0,162900
7,2006,2007,1258,1258,0,1258,2,2,6,1,3,648,144,16,172500
7,1994,1995,915,933,975,1908,2,4,8,1,2,493,144,133,210000
6,1956,1956,1436,1689,0,1689,1,3,7,1,2,480,0,0,127500
6,1966,2002,1517,1888,0,1888,2,2,6,1,2,578,0,0,190000
7,1998,1999,930,956,930,1886,2,4,10,1,2,431,89,0,199900
6,1937,1950,780,780,596,1376,2,3,7,1,1,198,0,0,119500
3,1948,2002,649,679,504,1183,1,2,6,0,1,308,0,176,120000
6,1930,2005,813,813,0,813,1,2,5,0,1,270,0,113,110000
7,1975,1975,1533,1533,0,1533,2,2,5,2,2,576,200,54,280000
6,1996,1997,872,888,868,1756,2,3,7,0,2,422,144,122,204000
8,2008,2008,768,786,804,1590,2,3,6,0,2,676,0,30,210000
5,1976,1976,1728,1728,0,1728,2,4,8,0,2,560,0,0,188000
7,1973,1973,1242,1242,0,1242,1,3,6,1,2,528,0,0,175500
5,1916,1950,624,624,720,1344,1,4,7,0,3,513,0,0,98000
4,1954,1994,1364,1663,0,1663,1,2,6,2,2,529,224,137,256000
8,1925,1996,588,833,833,1666,1,3,7,1,1,228,192,63,161000
5,1950,1950,709,979,224,1203,1,3,5,1,1,352,0,0,110000
8,2009,2009,832,832,1103,1935,2,3,8,0,2,552,0,150,263435
7,1936,2007,560,575,560,1135,1,3,6,0,2,576,256,0,155000
5,1965,1965,864,864,0,864,1,3,5,1,1,360,0,0,62383
6,1934,1995,715,849,811,1660,1,3,6,1,1,240,0,0,188700
5,1978,1978,1040,1040,0,1040,2,3,5,0,0,0,0,0,124000
7,2004,2004,1375,1414,0,1414,2,2,6,1,2,398,144,20,178740
7,1970,1970,1277,1277,0,1277,1,2,5,1,2,526,0,0,167000
5,1942,1995,728,888,756,1644,1,3,7,2,1,312,168,0,146500
8,2006,2006,1626,1634,0,1634,2,3,7,1,3,866,0,44,250000
6,1993,1993,832,832,878,1710,2,3,7,0,2,506,144,70,187000
8,1985,1985,1488,1502,0,1502,1,1,4,0,2,528,0,54,212000
7,1977,1977,808,1161,808,1969,2,3,8,1,2,534,0,0,190000
6,2005,2005,547,1072,0,1072,1,2,5,0,2,525,0,28,148000
8,2006,2007,1976,1976,0,1976,2,2,7,1,3,908,250,63,440000
8,2000,2000,1494,1652,0,1652,2,2,6,0,2,499,96,48,251000
5,1963,1963,970,970,0,970,1,2,5,0,2,624,0,24,132500
6,1997,1998,1478,1493,0,1493,2,3,7,1,2,508,140,39,208900
9,2006,2006,2153,2069,574,2643,2,3,9,1,3,694,414,84,380000
8,2007,2008,1705,1718,0,1718,2,3,7,1,3,826,208,44,297000
4,1937,2000,907,1131,0,1131,1,2,7,0,2,672,0,72,89471
9,2004,2005,1833,1850,0,1850,2,3,8,1,3,772,519,112,326000
9,2003,2004,1792,1792,0,1792,2,2,6,1,3,874,206,49,374000
7,1915,2005,910,916,910,1826,1,4,7,1,1,164,0,0,155000
6,1998,1998,1216,1216,0,1216,2,2,5,0,2,402,0,125,164000
5,1962,2001,999,999,0,999,1,3,6,0,1,264,0,132,132500
5,1950,2007,1113,1113,0,1113,1,3,5,1,1,264,0,80,147000
5,1965,1965,1073,1073,0,1073,1,3,6,0,2,515,0,0,156000
5,1971,1971,1484,1484,0,1484,2,3,7,1,2,487,224,0,175000
5,1900,1970,954,1766,648,2414,2,3,10,1,2,520,142,0,160000
4,1970,2002,630,630,0,630,1,1,3,0,1,286,0,0,86000
5,1976,1976,264,616,688,1304,1,3,4,1,1,336,141,24,115000
6,1941,1950,806,958,620,1578,1,3,5,2,1,240,0,0,133000
6,2006,2006,728,728,728,1456,2,3,8,0,2,429,0,0,172785
5,1960,1960,1269,1269,0,1269,1,3,6,1,1,308,0,0,155000
5,1938,1996,190,886,0,886,1,2,4,0,1,273,144,20,91300
4,1920,1950,720,720,0,720,1,2,4,0,0,0,0,523,34900
8,1992,1993,3200,3228,0,3228,3,4,10,1,2,546,264,75,430000
7,1925,1950,1026,1133,687,1820,2,4,8,0,1,240,0,100,184000
5,1967,2004,864,899,0,899,1,3,5,0,1,288,64,0,130000
5,1958,1985,912,912,0,912,1,2,5,0,1,297,12,285,120000
6,1973,1973,672,672,546,1218,1,3,7,0,1,264,144,28,113000
7,2005,2005,866,866,902,1768,2,3,7,0,2,603,0,108,226700
5,1965,1965,1214,1214,0,1214,1,2,6,0,2,461,0,0,140000
7,1959,1997,1501,1801,0,1801,2,1,6,2,2,484,0,54,289000
6,1974,1974,855,855,467,1322,2,3,6,1,2,440,260,0,147000
5,1952,1952,960,960,1000,1960,2,4,10,0,2,400,0,0,124500
8,1993,1994,777,1065,846,1911,2,3,8,1,2,471,182,81,215000
6,2009,2009,1218,1218,0,1218,2,2,4,0,2,676,0,102,208300
7,1928,2005,689,689,689,1378,2,3,7,1,2,360,0,0,161000
5,1959,1959,1041,1041,0,1041,1,3,6,0,1,270,224,88,124500
5,1951,2000,1008,1363,0,1363,1,2,6,2,1,288,324,42,164900
7,2005,2006,1368,1368,0,1368,2,2,6,1,2,474,132,35,202665
5,1958,1958,864,864,0,864,1,3,5,0,2,624,0,0,129900
6,1983,1983,1084,1080,0,1080,1,3,5,0,2,484,120,0,134000
5,1926,1950,768,789,0,789,1,2,5,0,1,200,0,0,96500
10,2009,2009,2006,2020,0,2020,2,3,9,1,3,900,156,54,402861
6,1972,1972,689,1378,741,2119,2,3,7,1,2,583,0,104,158000
7,1996,1997,1264,1277,1067,2344,2,3,7,1,3,889,220,0,265000
6,1998,1998,794,882,914,1796,2,3,7,0,2,546,0,36,211000
7,1926,2004,1276,1276,804,2080,1,3,9,2,1,282,0,0,234000
4,1900,2000,0,694,600,1294,2,3,7,0,0,0,220,114,106250
6,1957,1957,1244,1244,0,1244,1,3,6,2,1,336,0,40,150000
6,1947,1950,1004,1004,660,1664,2,3,7,2,2,420,0,24,159000
10,2007,2008,3138,3138,1538,4676,3,3,11,1,3,884,208,406,184750
7,1996,1997,1379,1383,1015,2398,2,3,8,1,3,834,239,60,315750
7,2005,2005,1257,1266,0,1266,2,3,6,1,2,453,38,144,176000
5,1956,2000,928,928,0,928,1,2,4,0,1,252,261,0,132000
9,2008,2008,1452,1476,1237,2713,2,3,11,1,3,858,126,66,446261
4,1920,2002,528,605,0,605,1,2,5,0,0,0,0,0,86000
6,1957,1975,2035,2515,0,2515,3,4,9,2,2,484,0,0,200624
6,1988,1989,1461,1509,0,1509,2,3,5,1,2,600,224,0,175000
6,1920,1999,611,751,611,1362,2,3,6,0,2,502,0,0,128000
5,1955,2007,0,827,0,827,1,2,5,1,1,392,0,0,107500
1,1946,1950,0,334,0,334,1,1,2,0,0,0,0,0,39300
8,2004,2004,707,707,707,1414,2,3,6,1,2,403,100,35,178000
5,1910,1991,1117,820,527,1347,1,3,5,0,0,0,85,0,107500
7,1998,1999,880,880,844,1724,2,3,8,0,2,527,120,155,188000
4,1972,1972,864,864,0,864,1,3,5,0,2,576,216,0,111250
5,1968,1968,1051,1159,0,1159,1,3,7,1,1,336,466,0,158000
8,2001,2002,1581,1601,0,1601,2,3,6,1,2,670,180,0,272000
9,2006,2006,1838,1838,0,1838,2,2,8,1,3,765,270,68,315000
8,2000,2000,969,997,1288,2285,2,4,8,1,3,648,0,56,248000
7,1998,1999,1650,1680,0,1680,2,3,7,1,2,583,78,73,213250
7,1998,1998,723,767,0,767,1,1,4,0,1,367,120,40,133000
7,2006,2006,654,664,832,1496,2,3,7,1,2,426,100,24,179665
7,1988,1988,1204,1377,806,2183,2,4,9,0,3,786,0,0,229000
6,1923,1950,1065,915,720,1635,1,3,6,1,2,440,0,38,210000
5,1970,1970,768,768,0,768,1,2,5,0,2,624,104,0,129500
5,1955,1995,825,825,0,825,1,2,4,0,2,720,140,50,125000
7,2003,2004,912,912,1182,2094,2,4,8,1,2,615,182,182,263000
6,1977,1977,1069,1069,0,1069,2,2,4,0,2,440,0,55,140000
5,1957,1957,928,928,0,928,1,3,5,0,1,288,0,0,112500
8,2006,2006,1709,1717,0,1717,2,3,7,1,3,908,169,39,255500
4,1949,2003,0,1126,0,1126,2,2,5,0,2,520,0,96,108000
7,2003,2004,998,1006,1040,2046,2,3,8,1,3,871,320,62,284000
5,1922,1950,993,1048,0,1048,1,2,5,1,1,280,0,0,113000
5,1957,1957,1092,1092,0,1092,1,2,6,1,1,299,268,0,141000
4,1920,1950,637,897,439,1336,1,3,7,0,1,570,0,47,108000
7,1996,1997,729,729,717,1446,2,3,6,1,2,406,264,22,175000
7,2003,2004,1374,1557,0,1557,2,2,7,1,2,420,143,20,234000
5,1957,1996,1392,1392,0,1392,1,3,5,1,2,528,0,0,121500
5,1974,1975,1389,1389,0,1389,1,2,6,1,2,418,240,38,170000
5,1940,1969,996,996,0,996,1,3,6,1,0,0,144,0,108000
6,1918,1950,1163,1163,511,1674,2,4,8,1,2,396,72,36,185000
7,1992,2000,1095,1166,1129,2295,2,4,9,1,2,590,0,40,268000
6,1915,1950,806,841,806,1647,1,4,6,0,1,216,0,66,128000
9,2005,2007,1122,1134,1370,2504,2,4,11,1,3,656,144,39,325000
7,2004,2004,1517,1535,0,1535,2,3,7,0,2,532,0,0,214000
8,1983,2009,1496,1496,636,2132,1,1,5,1,2,612,349,40,316600
5,1979,1979,943,943,0,943,1,2,4,2,2,600,42,0,135960
5,1965,1965,1728,1728,0,1728,2,6,10,0,2,576,0,0,142600
6,1959,1959,864,864,0,864,1,2,4,0,1,288,168,0,120000
7,2009,2009,846,846,846,1692,2,3,6,0,2,650,208,114,224500
7,2000,2000,384,774,656,1430,2,3,8,1,2,400,100,0,170000
5,1971,2005,372,576,533,1109,1,3,5,0,1,288,35,0,139000
5,1947,1950,832,832,384,1216,1,2,6,0,1,336,158,0,118500
7,1928,1950,861,877,600,1477,2,3,6,1,1,216,0,50,145000
5,1966,1966,1164,1320,0,1320,1,3,6,2,2,564,160,68,164500
7,2007,2007,689,703,689,1392,2,2,5,0,2,540,0,102,146000
5,1954,1954,1050,1050,745,1795,2,4,7,0,1,352,0,0,131500
6,1960,1987,1144,1429,0,1429,1,3,7,2,2,572,216,110,181900
8,2008,2009,2042,2042,0,2042,2,3,8,1,3,1390,0,90,253293
6,1990,1990,816,816,0,816,1,3,5,0,0,0,0,32,118500
10,1893,2000,1237,1521,1254,2775,3,3,9,1,2,880,105,502,325000
4,1935,1995,884,989,584,1573,1,3,6,0,1,240,0,0,133000
8,2005,2006,1868,2028,0,2028,2,2,7,2,3,880,326,66,369900
6,1918,2000,816,838,0,838,1,2,5,0,1,275,0,0,130000
5,1982,1982,840,860,0,860,1,2,4,0,2,528,0,0,137000
5,1968,2003,1437,1473,0,1473,1,1,5,2,1,452,0,48,143000
5,1930,1960,742,779,0,935,1,2,4,0,1,308,0,0,79500
7,2004,2004,770,770,812,1582,2,3,6,0,2,520,0,45,185900
10,2008,2008,1722,1728,568,2296,2,3,10,1,3,842,382,274,451950
5,1982,2003,816,816,0,816,1,2,4,0,2,816,0,0,138000
6,2003,2003,848,848,0,848,1,1,4,0,2,420,140,0,140000
5,1975,1975,924,924,0,924,1,3,5,0,1,280,0,0,110000
8,2005,2006,1814,1826,0,1826,2,3,7,1,3,758,180,75,319000
6,1910,1993,684,684,684,1368,1,3,7,0,1,216,0,158,114504
7,2006,2007,1258,1402,0,1402,0,2,7,1,3,648,120,16,194201
5,1977,1977,1430,1647,0,1647,2,3,7,1,2,621,0,0,217500
6,1980,1980,716,716,840,1556,2,3,6,1,2,452,161,0,151000
8,2005,2005,1058,1058,846,1904,2,3,8,1,2,736,179,60,275000
6,1937,1950,780,780,595,1375,1,3,6,1,1,544,0,162,141000
8,1992,1992,908,927,988,1915,2,3,8,1,2,506,120,150,220000
7,2004,2005,600,600,600,1200,2,2,4,0,2,480,0,172,151000
7,2002,2002,1494,1494,0,1494,2,3,6,1,2,530,192,36,221000
7,1965,1990,768,1186,800,1986,2,3,7,3,2,486,0,42,205000
5,1996,1996,1040,1040,0,1040,1,3,6,0,2,576,168,0,152000
5,1948,2002,896,1112,896,2008,3,3,8,0,1,230,103,0,225000
8,1934,1998,965,1940,1254,3194,2,4,10,2,2,380,0,0,359100
4,1961,1961,1029,1029,0,1029,1,3,5,0,1,261,64,0,118500
9,2000,2000,1440,1476,677,2153,2,3,8,2,3,736,253,142,313000
6,1978,1978,1032,1032,0,1032,2,3,6,1,2,564,0,0,148000
8,2001,2001,1299,1299,573,1872,2,3,7,1,2,531,160,122,261500
5,2007,2007,1120,1120,0,1120,1,3,6,0,0,0,0,30,147000
4,1972,1972,630,630,0,630,1,1,3,0,0,0,96,24,75500
6,1963,1963,936,1054,0,1054,1,3,6,0,2,480,120,0,137500
6,2002,2003,783,807,702,1509,2,3,7,1,2,393,100,75,183200
6,1954,1954,832,832,0,832,1,2,4,0,2,528,0,0,105500
9,2007,2007,1822,1828,0,1828,2,3,9,1,3,774,0,108,314813
8,2003,2003,1482,1482,780,2262,2,4,10,2,3,749,168,0,305000
3,1914,1950,864,864,0,864,1,2,5,0,0,0,0,0,67000
6,1974,1997,1522,1548,1066,2614,2,4,9,1,2,624,38,243,240000
5,1977,1977,980,980,0,980,1,3,6,0,2,484,192,0,135000
6,2000,2000,756,756,756,1512,2,2,4,1,2,440,0,32,168500
6,1972,1972,732,1012,778,1790,1,4,8,1,2,484,148,0,165150
6,1962,1962,1116,1116,0,1116,1,3,5,0,2,440,0,0,160000
5,1960,1978,978,1422,0,1422,1,3,6,1,1,286,0,0,139900
6,1955,1972,1156,1520,0,1520,1,3,7,2,1,364,0,0,153000
5,1969,1969,1040,1040,1040,2080,1,5,9,2,2,504,335,0,135000
6,1964,1964,1248,1350,0,1350,1,3,6,0,2,520,176,0,168500
5,1880,1991,636,1089,661,1750,1,3,8,0,1,240,0,0,124000
8,2006,2006,1554,1554,0,1554,2,2,6,1,2,627,156,73,209500
7,1977,1977,1386,1411,0,1411,2,3,6,1,2,544,192,0,82500
5,1954,2005,1056,1056,0,1056,1,3,6,0,1,260,390,0,139400
6,1980,1980,1056,1056,0,1056,0,0,4,0,2,576,264,56,144000
6,1914,1995,1440,1440,1440,3395,2,8,14,0,0,0,0,110,200000
2,1936,1950,264,800,0,800,1,1,4,1,0,0,0,0,60000
5,1954,1954,811,811,576,1387,2,3,7,0,1,256,0,0,93000
5,1910,1950,796,796,0,796,1,2,4,0,0,0,328,0,85000
8,2006,2006,1520,1567,0,1567,2,1,7,1,3,648,312,0,264561
8,2003,2004,1518,1518,0,1518,1,1,6,1,2,588,185,140,274000
7,2001,2001,1057,1057,872,1929,2,3,7,1,2,650,0,235,226000
8,1972,1995,1952,2000,704,2704,2,4,9,3,2,538,269,111,345000
5,1969,1969,780,780,840,1620,2,4,7,0,2,462,208,0,152000
9,2009,2009,1766,1766,0,1766,2,2,7,1,3,478,195,130,370878
6,1971,1971,981,981,0,981,1,3,5,0,2,576,0,312,143250
5,1950,1950,0,1048,0,1048,1,3,7,0,2,420,0,27,98300
6,1953,1953,1094,1094,0,1094,1,3,5,2,2,495,0,0,155000
6,1966,1966,756,1051,788,1839,1,4,7,1,2,442,0,124,155000
4,1970,1970,630,630,0,630,1,1,3,0,0,0,0,0,84500
7,2007,2007,813,822,843,1665,2,3,7,0,2,562,0,0,205950
4,1940,1950,755,755,755,1510,1,4,7,1,1,296,120,0,108000
7,1996,1996,880,909,807,1716,2,2,7,1,2,512,0,120,191000
6,1906,1995,756,756,713,1469,1,3,7,0,1,216,57,0,135000
8,1995,1995,2109,2113,0,2113,2,2,7,1,3,839,236,46,350000
6,1971,1971,525,525,567,1092,1,3,6,0,1,264,0,0,88000
5,1959,2006,1053,1053,0,1053,1,3,5,0,1,312,0,0,145500
7,1931,2000,776,851,651,1502,1,3,6,1,1,270,0,0,149000
6,1948,1950,912,912,546,1458,1,3,6,1,1,330,192,0,97500
5,1964,1999,1486,1486,0,1486,1,3,7,0,2,480,0,0,167000
7,1976,1976,793,1142,793,1935,2,3,7,1,2,550,0,113,197900
8,1994,2005,1629,1686,762,2448,2,4,8,1,3,711,517,76,402000
6,1968,1968,1392,1392,0,1392,1,2,5,2,2,576,0,0,110000
4,1972,1972,1138,1181,0,1181,2,3,6,0,2,588,0,0,137500
8,2005,2006,2077,2097,0,2097,1,1,8,1,3,1134,192,267,423000
8,2000,2000,1406,1454,482,1936,2,3,7,1,2,504,188,124,230500
6,1965,1979,1021,1465,915,2380,2,3,7,1,2,596,0,265,129000
6,1994,1998,1408,1679,0,1679,2,3,7,1,2,575,224,42,193500
5,1956,1987,1188,1437,0,1437,1,3,6,1,2,576,304,0,168000
4,1922,1950,700,1180,0,1180,1,2,5,1,1,252,0,0,137500
6,2005,2005,738,738,738,1476,2,3,7,0,2,540,100,35,173500
6,1925,1950,672,697,672,1369,2,3,6,0,1,300,147,0,103600
6,1977,1977,1208,1208,0,1208,1,3,6,1,2,546,198,42,165000
6,1957,2004,1477,1839,0,1839,2,3,7,2,2,416,0,87,257500
6,1965,1965,1136,1136,0,1136,1,3,5,1,1,384,426,0,140000
6,1978,1978,855,855,586,1441,2,3,7,1,2,440,28,0,148500
4,1900,1950,1095,1095,679,1774,2,4,8,0,3,779,0,0,87000
5,1924,2006,768,792,0,792,1,2,5,0,1,240,316,0,109500
8,2008,2008,2046,2046,0,2046,2,3,7,1,3,834,322,82,372500
5,1961,1961,988,988,0,988,1,3,5,0,2,572,0,0,128500
6,1980,1980,923,923,0,923,2,2,5,1,1,264,80,0,143000
5,1932,2000,793,848,672,1520,1,3,6,0,1,281,0,0,159434
6,1996,1997,1291,1291,0,1291,1,2,6,1,2,431,307,0,173000
9,2002,2002,1626,1668,0,1668,2,3,7,1,3,702,257,45,285000
7,1998,1998,1195,1195,644,1839,2,4,7,0,2,486,0,81,221000
7,1984,1984,1190,1190,900,2090,2,3,6,1,2,577,219,0,207500
7,2007,2007,874,874,887,1761,3,3,7,0,2,578,144,105,227875
7,2004,2004,551,551,551,1102,2,2,4,0,2,480,0,60,148800
8,2007,2007,1419,1419,0,1419,2,2,7,1,2,567,140,0,392000
6,2005,2006,1362,1362,0,1362,2,2,6,1,2,460,192,28,194700
6,2004,2004,848,848,0,848,1,1,3,1,2,420,149,0,141000
10,1994,1995,2444,2444,1872,4316,3,4,10,2,3,832,382,50,755000
7,1989,1990,1210,1238,1281,2519,2,4,9,2,2,628,320,27,335000
5,1921,1968,1073,1073,0,1073,1,2,4,0,1,326,0,0,108480
5,1936,1950,927,1067,472,1539,1,3,5,0,2,576,112,0,141500
6,1987,1987,1112,1137,0,1137,2,2,5,1,2,551,125,0,176000
5,1921,1950,616,616,0,616,1,2,4,0,1,205,0,0,89000
5,1952,1952,980,1148,0,1148,1,2,6,0,1,308,0,0,123500
5,1965,2009,894,894,0,894,1,3,5,1,1,336,416,144,138500
7,2004,2004,1391,1391,0,1391,2,2,5,0,2,530,156,158,196000
8,2002,2002,1800,1800,0,1800,2,3,7,1,3,765,270,78,312500
7,1969,1969,1164,1164,0,1164,1,3,6,0,2,528,0,0,140000
8,2006,2006,1234,1264,1312,2576,2,4,10,1,3,666,324,100,361919
5,1900,1996,360,1032,780,1812,2,4,8,1,2,672,344,0,140000
7,2004,2005,1473,1484,0,1484,2,3,7,0,2,606,0,35,213000
4,1930,1950,0,372,720,1092,2,3,7,0,0,0,0,0,55000
7,1971,2002,1643,1824,0,1824,2,2,5,2,2,739,380,48,302000
8,2006,2006,1324,1324,0,1324,2,2,6,1,2,550,192,38,254000
7,2007,2007,728,728,728,1456,2,3,8,1,2,400,100,24,179540
5,1966,1966,876,904,0,904,1,3,6,0,1,408,0,0,109900
3,1935,2003,270,729,0,729,1,2,5,0,0,0,0,0,52000
4,1900,1950,859,859,319,1178,1,2,7,0,1,384,68,0,102776
8,1988,1989,1228,1228,0,1228,2,2,5,1,2,472,168,120,189000
4,1970,1970,960,960,0,960,1,3,6,0,2,576,0,288,129000
6,1976,2005,725,725,754,1479,2,3,6,0,2,475,0,44,130500
6,1974,1974,1064,1350,0,1350,2,3,7,1,2,478,0,0,165000
7,1890,1998,718,1576,978,2554,1,3,8,0,2,704,0,48,159500
5,1973,2000,1176,1178,0,1178,1,3,5,1,2,439,224,0,157000
7,1993,1994,1311,1325,1093,2418,2,3,9,1,3,983,250,154,341000
5,1969,1969,971,971,0,971,1,3,5,1,1,300,0,0,128500
8,1985,1985,1742,1742,0,1742,2,2,5,1,2,564,114,28,275000
6,2004,2004,848,848,0,848,1,1,3,0,2,420,160,0,143000
4,1970,1970,864,864,0,864,1,3,5,0,2,463,0,0,124500
4,1954,1972,941,997,473,1470,2,4,7,0,1,548,0,0,135000
9,2007,2008,1698,1698,0,1698,2,3,8,1,3,768,327,64,320000
4,1970,1970,864,864,0,864,1,3,5,0,2,660,96,0,120500
6,1988,2007,880,1680,0,1680,2,3,5,1,2,540,292,44,222000
7,2007,2007,1232,1232,0,1232,2,2,6,0,2,632,132,0,194500
5,1958,1958,1584,1776,0,1776,2,4,9,0,3,888,0,25,110000
4,1925,1950,780,848,0,1208,1,2,5,0,2,539,0,23,103000
8,1995,1996,1595,1616,0,1616,2,2,5,1,2,608,237,152,236500
7,2003,2003,868,1146,0,1146,2,3,6,1,2,438,160,22,187500
7,1998,1999,1153,1153,878,2031,2,3,8,1,2,541,192,84,222500
5,1961,1983,864,1144,0,1144,1,3,6,1,1,264,165,0,131400
5,1968,1968,948,948,0,948,1,3,6,0,1,300,147,0,108000
7,1914,1970,880,880,888,1768,1,2,6,2,2,320,0,341,163000
3,1950,1950,0,1040,0,1040,2,2,6,0,2,400,0,0,93500
8,2005,2005,893,901,900,1801,2,3,8,1,3,800,0,116,239900
5,1987,1988,1200,1200,0,1200,3,3,5,0,0,0,120,0,179000
7,2004,2004,864,864,864,1728,2,3,7,0,2,572,187,56,190000
5,1910,2002,264,768,664,1432,2,2,7,0,2,360,270,0,132000
6,1961,1996,912,912,0,912,1,3,5,0,1,288,168,0,142000
7,2000,2001,1349,1349,0,1349,2,3,6,0,2,539,120,55,179000
5,1963,1999,520,1464,0,1464,2,3,6,1,2,480,302,0,175000
8,1993,1993,1337,1337,0,1337,2,2,5,1,2,462,96,0,180000
8,1976,1996,1142,1175,1540,2715,3,4,11,2,2,831,0,204,299800
7,2000,2000,952,980,1276,2256,2,4,8,1,2,554,224,54,236000
7,1880,2003,1240,1320,1320,2640,1,4,8,1,4,864,181,0,265979
7,1996,1996,1720,1720,0,1720,2,3,7,1,2,527,240,56,260400
4,1945,1950,0,1088,441,1529,2,4,9,0,1,240,92,0,98000
4,1910,2004,576,792,348,1140,1,3,7,0,0,0,0,160,96500
7,2003,2003,660,660,660,1320,2,3,6,0,2,400,0,48,162000
6,1997,1997,1479,1494,0,1494,2,3,6,0,2,576,168,27,217000
8,2005,2005,1030,1038,1060,2098,2,3,8,1,3,878,192,52,275500
6,1969,2005,1026,1026,0,1026,1,3,5,0,2,440,171,48,156000
6,1999,1999,729,742,729,1471,2,3,6,0,2,440,0,24,172500
8,2007,2007,866,866,902,1768,2,3,7,0,2,578,144,105,212000
6,1978,1978,672,672,714,1386,2,3,6,1,2,440,335,0,158900
7,1999,1999,744,757,744,1501,2,3,6,0,2,440,0,0,179400
8,1995,1995,1318,1328,1203,2531,2,4,9,1,3,752,222,98,290000
6,1959,1959,864,864,0,864,1,2,5,0,1,300,0,0,127500
5,1924,1950,1145,1301,0,1301,1,2,5,0,2,440,0,0,100000
7,2009,2009,756,764,783,1547,2,3,7,0,2,614,169,45,215200
8,1999,1999,1252,1268,1097,2365,2,3,8,1,3,856,0,128,337000
8,1995,1996,1494,1494,0,1494,1,2,6,1,2,481,0,30,270000
9,2008,2008,1498,1506,0,1506,2,2,6,1,2,592,0,174,264132
7,1988,1988,980,980,734,1714,2,3,7,1,2,496,228,66,196500
6,1940,1985,983,983,767,1750,2,4,7,0,1,423,245,0,160000
7,2004,2005,1860,1836,0,1836,2,3,8,1,2,484,120,33,216837
8,2003,2003,1650,1690,1589,3279,3,4,12,1,3,841,503,36,538000
5,1982,1982,858,858,0,858,1,2,5,0,2,576,120,0,134900
4,1951,1951,836,1220,0,1220,1,2,6,0,2,396,0,0,102000
6,1976,1976,1029,1117,0,1117,1,3,6,1,2,672,144,0,107000
5,1958,1958,912,912,0,912,1,2,5,0,1,275,0,0,114500
8,2006,2006,1935,1973,0,1973,2,3,9,1,3,895,315,45,395000
6,1998,1998,1204,1204,0,1204,2,2,5,0,2,412,0,247,162000
7,2005,2006,1614,1614,0,1614,2,3,7,0,3,865,144,59,221500
5,1974,1974,864,894,0,894,1,3,5,1,2,440,241,0,142500
5,1977,1977,0,2020,0,2020,2,4,10,2,2,630,0,0,144000
6,1977,1977,975,1004,0,1004,1,2,4,0,2,504,0,0,135000
7,1995,1996,1237,1253,0,1253,2,3,6,1,2,402,220,21,176000
6,1992,1992,761,810,793,1603,2,3,7,0,2,484,0,124,175900
7,2001,2002,1413,1430,0,1430,2,3,6,0,2,605,0,33,187100
5,1978,1978,1097,1110,0,1110,1,1,4,1,2,602,303,30,165500
6,1914,2001,742,742,742,1484,2,3,9,1,0,0,0,291,128000
6,1967,1967,1372,1342,0,1342,2,3,7,1,2,457,0,0,161500
5,1915,1950,686,966,686,1652,2,4,7,0,1,416,0,0,139000
7,2004,2004,956,956,1128,2084,2,4,8,0,2,618,0,45,233000
4,1954,2000,901,901,0,901,1,2,4,0,1,281,0,0,107900
6,1966,2007,832,976,1111,2087,2,5,9,0,2,444,133,168,187500
7,2005,2006,1145,1145,0,1145,2,2,5,1,2,397,100,16,160200
6,1976,1976,1029,1062,0,1062,1,3,5,2,2,539,120,0,146800
7,1996,1997,1117,1127,886,2013,2,3,8,1,2,455,180,130,269790
8,2007,2007,1496,1496,0,1496,2,3,7,0,2,474,168,130,225000
7,1994,1996,712,1086,809,1895,2,3,7,1,2,409,143,46,194500
6,1980,1981,650,888,676,1564,2,3,7,1,2,476,0,50,171000
6,1977,1977,660,1285,0,1285,1,3,7,1,2,528,138,0,143500
5,1953,1953,773,773,0,773,1,2,4,0,1,240,0,0,110000
9,2008,2009,1926,1966,1174,3140,3,4,11,2,3,820,144,78,485000
5,1937,1950,731,981,787,1768,1,3,7,2,1,240,0,0,175000
6,1997,1997,616,616,1072,1688,2,4,8,0,2,603,403,114,200000
4,1916,1990,1196,1196,0,1196,1,2,5,0,2,440,0,0,109900
7,2005,2005,728,728,728,1456,2,3,7,1,2,410,36,18,189000
9,2008,2009,1734,1734,1088,2822,3,4,12,1,3,1020,52,170,582933
5,1954,1954,936,1128,0,1128,1,2,5,0,1,286,0,0,118000
7,2008,2008,1417,1428,0,1428,2,3,6,0,2,554,0,60,227680
5,1967,1967,980,980,0,980,2,3,6,0,1,384,68,0,135500
5,1923,2004,1324,1072,504,1576,1,3,6,1,2,528,0,312,223500
5,1966,1966,1024,1086,0,1086,1,3,6,1,2,484,0,0,159950
5,1898,1965,849,1075,1063,2138,2,2,11,0,2,360,40,156,106000
6,1974,1999,1040,1309,0,1309,1,3,5,1,2,484,265,0,181000
6,2004,2004,848,848,0,848,1,1,4,1,2,420,140,0,144500
5,1952,1952,540,1044,0,1044,1,2,4,0,2,504,0,0,55993
6,1958,1958,1442,1442,0,1442,1,4,7,0,1,301,0,0,157900
5,1918,1950,686,686,564,1250,1,3,7,0,1,280,207,0,116000
7,1998,1998,1649,1661,0,1661,2,3,6,0,2,598,0,34,224900
5,1954,1954,1008,1008,0,1008,1,2,4,1,1,275,0,0,137000
8,2002,2002,1568,1689,0,1689,2,3,7,2,3,857,150,59,271000
6,1971,1971,1010,1052,0,1052,1,3,6,0,2,440,0,0,155000
7,2009,2010,1358,1358,0,1358,2,2,6,1,2,484,192,35,224000
7,2003,2003,798,798,842,1640,2,3,6,0,2,595,0,45,183000
4,1953,1953,936,936,0,936,1,2,4,0,2,576,0,32,93000
7,2003,2003,847,847,886,1733,2,3,7,1,2,433,100,48,225000
6,1940,1950,778,944,545,1489,2,3,7,1,1,240,335,0,139500
8,2006,2006,1489,1489,0,1489,2,3,7,1,2,776,0,140,232600
10,2007,2008,2078,2084,0,2084,2,2,7,1,3,1220,188,45,385000
5,1924,1950,784,784,0,784,1,2,5,0,0,0,0,0,109500
7,2001,2001,1454,1434,0,1434,2,3,6,1,2,527,290,39,189000
5,1967,1967,1013,1160,966,2126,2,3,7,0,2,538,486,0,185000
7,2005,2005,600,520,623,1223,2,2,4,0,2,480,0,166,147400
6,1957,1957,1392,1392,0,1392,1,3,6,2,2,458,0,0,166000
7,2005,2005,600,520,600,1200,2,2,4,0,2,480,0,166,151000
7,2003,2003,941,941,888,1829,2,3,7,1,2,613,192,39,237000
6,1964,1964,1516,1516,0,1516,1,3,6,0,2,472,0,0,167000
5,1961,1961,1144,1144,0,1144,1,3,6,0,2,456,0,0,139950
4,1950,1995,1067,1067,0,1067,2,2,4,0,2,436,290,0,128000
5,1948,1973,1559,1559,0,1559,1,2,5,0,2,812,0,116,153500
6,1973,1973,483,483,504,987,1,2,5,0,1,264,0,0,100000
5,1995,2006,1099,1099,0,1099,1,3,6,0,1,352,278,0,144000
5,1946,1995,768,768,432,1200,1,3,6,0,1,240,0,0,130500
6,1925,1950,672,810,672,1482,2,4,7,0,1,400,0,0,140000
5,1904,2002,650,958,581,1539,2,3,8,1,2,686,70,78,157500
6,1966,1966,1127,1165,0,1165,1,3,6,0,2,490,0,129,174900
5,1961,1961,1800,1800,0,1800,2,6,10,0,0,0,0,0,141000
5,1915,1950,876,876,540,1416,1,4,7,1,3,720,418,0,153900
5,1975,1981,1390,1701,0,1701,2,3,6,2,2,611,0,0,171000
7,1993,1993,740,1006,769,1775,2,3,7,1,2,425,234,72,213000
5,1972,1972,864,864,0,864,1,3,5,1,1,338,0,0,133500
6,1908,1997,907,1307,1051,2358,3,5,10,1,2,360,486,40,240000
6,1976,1994,528,1094,761,1855,2,3,7,1,2,512,113,100,187000
6,2003,2003,848,848,0,848,1,1,3,0,2,420,140,0,131500
8,2003,2003,1273,1456,0,1456,2,2,7,1,2,400,143,20,215000
7,1941,1950,918,918,728,1646,2,4,7,2,1,240,0,0,164000
6,1964,1964,1127,1445,0,1445,1,3,7,1,2,645,180,0,158000
5,1955,1974,1763,1779,0,1779,1,3,6,1,2,454,0,418,170000
5,1962,2010,1040,1040,0,1040,1,3,6,0,1,260,0,104,127000
6,1978,1978,940,1026,0,1026,1,3,5,0,2,576,0,0,147000
6,1994,1995,702,702,779,1481,2,3,6,1,2,343,0,36,174000
7,1976,1976,1090,1370,0,1370,2,3,6,1,2,479,0,0,152000
6,1968,1984,1054,1512,1142,2654,2,4,9,1,2,619,0,65,250000
7,1918,1998,912,912,514,1426,1,3,7,1,1,216,0,240,189950
5,1965,1965,1039,1039,0,1039,1,3,6,0,2,504,0,0,131500
6,1984,1985,1040,1097,0,1097,2,3,6,0,2,480,0,0,152000
5,1959,1959,1148,1148,0,1148,1,3,6,0,1,672,0,0,132500
7,2007,2008,1372,1372,0,1372,2,3,6,0,2,529,0,140,250580
5,1970,1970,1002,1002,0,1002,1,3,5,0,2,902,0,0,148500
8,2006,2007,1638,1646,0,1646,2,3,6,1,3,870,192,80,248900
4,1961,1961,1040,1120,0,1120,1,3,5,0,2,544,168,0,129000
5,1948,1950,0,1547,720,2320,2,2,7,1,2,672,120,144,169000
7,1993,1994,1050,1062,887,1949,2,3,8,1,2,574,156,90,236000
5,1962,1962,894,894,0,894,1,2,5,0,1,308,0,0,109500
6,1998,1998,804,804,878,1682,2,3,7,0,2,523,0,77,200500
5,1953,1996,105,910,0,910,1,3,5,0,2,414,196,0,116000
5,1949,1950,832,1036,0,1268,1,3,6,1,1,288,0,28,133000
5,1941,1950,676,676,455,1131,1,3,5,0,1,200,26,0,66500
8,2007,2007,1184,1184,1426,2610,2,4,11,1,2,550,208,364,303477
4,1963,1963,1064,1040,0,1040,1,3,5,0,2,648,0,0,132250
9,2004,2005,1462,1462,762,2224,2,4,10,1,3,738,184,0,350000
5,1961,1995,1109,1155,0,1155,1,3,6,0,2,576,192,0,148000
5,1978,2005,864,864,0,864,1,3,6,0,1,336,0,0,136500
5,2005,2006,1090,1090,0,1090,1,2,5,0,2,450,0,49,157000
7,1990,1991,1156,1187,530,1717,2,3,7,1,2,400,168,36,187500
6,1992,1993,808,808,785,1593,2,3,7,1,2,389,342,40,178000
4,1912,1950,795,954,795,2230,1,5,10,0,1,440,0,188,118500
5,1967,1967,892,892,0,892,1,3,5,0,1,288,0,0,100000
9,1999,2000,1698,1709,0,1709,2,2,5,1,2,506,97,65,328900
5,1959,2005,1626,1712,0,1712,2,4,8,0,2,588,272,54,145000
5,1955,1955,816,872,521,1393,1,3,8,0,1,300,121,0,135500
8,1970,1970,2217,2217,0,2217,2,4,8,1,2,621,81,207,268000
6,1953,1953,1505,1505,0,1505,1,2,6,1,2,505,0,0,149500
5,1949,2006,672,672,252,924,1,3,6,1,2,576,0,0,122900
6,1978,1978,918,918,765,1683,2,3,7,1,2,440,243,0,172500
6,1963,2003,1059,1068,0,1068,1,3,6,0,1,264,192,0,154500
5,1954,1954,1383,1383,0,1383,1,3,6,1,1,354,511,116,165000
5,1979,1979,0,1535,0,1535,2,4,8,0,2,400,0,0,118858
6,1963,1963,780,983,813,1796,1,4,8,1,2,483,0,50,140000
4,1936,1950,951,951,0,951,1,2,6,0,1,327,0,28,106500
5,1979,1979,0,1120,1120,2240,2,6,12,0,2,528,154,0,142953
9,2009,2010,2330,2364,0,2364,2,2,11,2,3,820,0,67,611657
5,1961,1994,912,1236,0,1236,1,3,6,1,1,288,0,0,135000
4,1971,1971,858,858,0,858,1,2,4,0,1,684,0,0,110000
5,1957,2000,992,1306,0,1306,1,2,5,0,1,756,0,0,153000
7,2003,2003,783,807,702,1509,2,3,8,1,2,393,0,75,180000
7,2006,2006,1670,1670,0,1670,2,3,7,1,3,690,144,60,240000
5,1967,1967,876,902,0,902,1,3,6,0,1,288,0,0,125500
5,1954,1954,1056,1063,0,1063,1,3,6,0,1,280,0,0,128000
8,2006,2006,1623,1636,0,1636,2,3,8,1,3,865,0,60,255000
7,1936,1987,1017,1020,1037,2057,1,3,6,1,1,180,0,0,250000
5,1983,1983,864,902,0,902,1,2,5,0,2,484,164,0,131000
6,2005,2005,742,742,742,1484,2,3,8,1,2,390,36,24,174000
5,1960,1960,1105,1105,1169,2274,2,5,12,0,2,480,0,0,154300
5,1977,1989,1268,1268,0,1268,1,3,5,0,1,252,173,0,143500
5,1925,1950,768,1015,0,1015,1,3,6,0,1,450,0,0,88000
5,1949,1950,1001,1001,1001,2002,2,4,8,0,3,871,0,0,145000
6,2009,2009,612,612,612,1224,2,2,4,0,2,528,0,234,173733
4,1970,1970,546,546,546,1092,1,3,6,0,1,286,0,0,75000
2,1949,1950,480,480,0,480,0,1,4,0,1,308,0,0,35311
4,1956,1956,1134,1229,0,1229,1,3,6,0,1,284,0,0,135000
7,1991,1991,1104,912,1215,2127,2,4,8,1,3,833,72,192,238000
6,1958,2002,1184,1414,0,1414,1,3,6,1,2,601,0,51,176500
6,1994,1994,928,936,785,1721,2,3,7,0,2,471,300,87,201000
5,1900,2003,1272,1272,928,2200,2,4,9,0,0,0,0,70,145900
6,2005,2006,1316,1316,0,1316,2,3,6,1,2,397,100,0,169990
6,1993,1994,1604,1617,0,1617,2,2,5,1,2,533,0,69,193000
6,1980,1980,1686,1686,0,1686,2,3,7,1,2,612,384,131,207500
5,1977,1977,1126,1126,0,1126,2,3,6,0,2,540,180,0,175000
8,2003,2004,1181,1234,1140,2374,2,4,10,1,3,656,104,100,285000
7,1968,1968,832,1098,880,1978,2,4,9,1,2,486,0,43,176000
8,2001,2001,1753,1788,0,1788,2,3,7,1,2,522,202,151,236500
7,1997,1997,964,993,1243,2236,2,4,8,1,2,642,0,0,222000
8,2007,2007,1466,1466,0,1466,2,3,7,0,3,610,100,18,201000
5,1965,1965,925,925,0,925,1,2,5,0,1,429,0,0,117500
9,2006,2006,1905,1905,0,1905,2,3,8,1,3,788,0,191,320000
7,2004,2004,1500,1500,0,1500,2,3,6,0,2,570,192,36,190000
7,1960,2007,585,2069,0,2069,2,4,9,1,2,505,0,0,242000
4,1926,1953,600,747,0,747,1,1,5,0,2,528,0,0,79900
7,2003,2003,1176,1200,0,1200,2,2,5,0,2,555,0,41,184900
7,2005,2005,1113,1113,858,1971,2,3,8,1,2,689,0,48,253000
7,2006,2006,1391,1391,571,1962,2,3,7,0,3,868,0,90,239799
7,1940,1950,1032,1207,1196,2403,2,4,10,2,1,349,56,0,244400
6,1976,1976,1728,1728,0,1728,2,4,8,0,2,574,40,0,150900
7,1999,1999,992,1022,1038,2060,2,3,8,1,2,390,0,0,214000
4,1977,1977,1440,1440,0,1440,2,4,8,0,0,0,321,0,150000
5,1967,1967,1632,1632,0,1632,2,4,8,0,2,576,0,0,143000
6,1958,1958,819,1344,0,1344,1,3,7,1,2,525,0,118,137500
5,1890,1996,1088,1188,561,1869,1,2,7,0,2,456,48,0,124900
5,1959,1959,1144,1144,0,1144,1,3,6,1,1,796,86,0,143000
8,2002,2003,1616,1629,0,1629,2,3,9,1,3,808,0,252,270000
7,2002,2002,936,936,840,1776,2,3,7,1,2,474,144,96,192500
6,1972,2006,1161,1381,0,1381,1,3,5,1,2,676,0,0,197500
5,1950,2002,864,864,0,864,1,3,5,0,2,720,194,0,129000
5,1965,1965,828,965,0,965,1,3,6,0,1,300,421,0,119900
5,1972,2003,768,768,0,768,1,2,5,0,1,396,192,0,133900
5,1969,1969,784,1168,800,1968,2,4,7,1,2,530,305,189,172000
6,1975,1975,945,980,0,980,2,4,4,0,0,0,0,0,127500
6,1946,1950,979,979,979,1958,2,4,8,0,2,492,0,0,145000
6,1980,1980,561,561,668,1229,1,2,5,1,2,462,150,0,124000
5,1962,1962,1057,1057,0,1057,1,3,6,0,2,576,0,0,132000
7,2003,2003,1337,1337,0,1337,2,3,6,0,2,531,0,39,185000
7,1999,1999,696,696,720,1416,2,3,6,0,2,484,0,44,155000
5,1958,2008,858,858,0,858,1,2,4,0,0,0,117,0,116500
6,1977,1995,1330,1542,1330,2872,2,4,11,1,2,619,550,282,272000
6,1976,1976,804,804,744,1548,2,3,7,1,2,440,48,0,155000
9,2007,2007,1800,1800,0,1800,2,2,7,0,2,702,288,136,239000
7,2002,2003,817,824,1070,1894,2,4,8,1,2,510,0,40,214900
6,2005,2007,783,783,701,1484,2,3,8,1,2,393,0,72,178900
5,1940,1950,728,976,332,1308,1,2,7,2,1,256,0,70,160000
5,1955,1955,1098,1098,0,1098,1,3,6,0,1,260,0,0,135000
3,1910,1950,600,600,368,968,1,2,6,0,0,0,0,0,37900
6,1958,1958,588,1095,0,1095,1,2,6,0,1,264,0,0,140000
4,1949,1950,720,720,472,1192,1,4,6,0,0,0,0,0,135000
7,2003,2004,764,764,862,1626,2,2,6,0,2,474,0,27,173000
6,1979,1979,918,918,0,918,2,2,5,1,1,264,28,0,99500
7,2007,2008,1428,1428,0,1428,2,3,6,0,2,480,0,120,182000
7,1910,1993,728,1136,883,2019,1,3,8,0,2,532,509,135,167500
7,2000,2000,673,673,709,1382,2,3,6,0,2,490,153,50,165000
4,1923,1958,440,869,0,869,1,2,4,0,0,0,0,0,85500
7,2006,2007,1241,1241,0,1241,1,1,4,0,2,569,0,116,199900
4,1954,1954,894,894,0,894,1,3,5,0,2,400,0,0,110000
5,1963,1963,1121,1121,0,1121,1,3,5,0,2,480,0,80,139000
7,1961,2007,944,999,0,999,1,3,6,0,2,588,144,76,178400
8,1998,1999,1225,1276,1336,2612,2,4,8,1,3,676,250,0,336000
7,2007,2007,1266,1266,0,1266,2,2,6,1,2,388,100,16,159895
8,2002,2002,1128,1149,1141,2290,2,4,9,1,2,779,0,0,255900
5,1977,1977,0,1302,432,1734,2,4,8,0,2,539,0,0,126000
5,1950,1950,1164,1164,0,1164,1,3,5,0,1,240,0,48,125000
6,1910,2003,485,1001,634,1635,1,2,5,0,1,255,394,0,117000
9,2009,2010,1930,1940,0,1940,2,3,8,1,3,606,168,95,395192
6,1976,1976,848,1118,912,2030,2,4,8,1,2,551,0,224,195000
7,2006,2006,770,778,798,1576,2,3,6,0,2,614,0,50,197000
8,1997,1998,1396,1407,985,2392,2,3,7,1,3,870,0,70,348000
8,1882,1986,916,916,826,1742,1,4,8,1,2,424,0,169,168000
6,1964,1993,822,1020,831,1851,2,3,7,1,2,440,239,42,187000
6,2005,2006,750,750,750,1500,2,3,6,0,2,564,0,35,173900
10,2006,2007,1700,1718,0,1718,2,3,7,1,3,786,216,48,337500
4,1946,1950,747,774,456,1230,1,3,5,0,1,305,0,57,121600
5,1961,1961,1050,1050,0,1050,1,3,6,0,1,368,0,319,136500
6,1970,1970,1442,1442,0,1442,2,2,6,1,2,615,371,0,185000
3,1922,1950,1007,1077,0,1077,1,3,6,1,1,210,0,100,91000
7,2006,2006,1187,1208,0,1208,2,2,6,0,2,632,105,61,206000
3,1952,1952,0,944,0,944,1,2,4,0,2,528,0,0,82000
5,1920,1950,691,691,0,691,1,2,4,0,1,216,0,20,86000
8,2006,2006,1574,1574,0,1574,2,3,7,1,3,824,144,104,232000
5,1976,1976,1680,1680,0,1680,2,4,8,0,2,528,0,0,136905
7,2005,2006,1346,1504,0,1504,2,1,7,1,2,457,156,0,181000
5,1977,1977,985,985,0,985,2,3,6,0,1,328,210,0,149900
6,1970,1970,1657,1657,0,1657,2,3,7,1,2,484,0,0,163500
4,1970,1970,546,546,546,1092,1,3,6,0,1,286,238,0,88000
7,2004,2005,1710,1710,0,1710,2,3,7,1,2,550,100,48,240000
5,1926,1950,1008,1008,0,1522,2,4,7,0,0,0,0,0,102000
5,1948,1950,720,720,551,1271,2,4,7,1,1,312,0,0,135000
5,1965,1965,0,1664,0,1664,2,4,8,0,0,0,0,0,100000
6,1923,1996,602,900,602,1502,1,3,7,2,1,180,96,0,165000
5,1910,2006,1022,1022,0,1022,1,2,4,0,1,280,0,30,85000
6,1948,1950,1082,1082,0,1082,1,2,5,1,1,240,0,130,119200
8,2001,2001,810,810,855,1665,2,3,6,0,2,528,0,45,227000
7,1996,1996,1504,1504,0,1504,2,3,6,1,2,478,115,66,203000
8,1984,1984,1220,1360,0,1360,1,1,4,1,2,565,63,0,187500
7,1991,1992,384,802,670,1472,2,3,7,1,2,402,164,0,160000
7,2005,2005,1362,1506,0,1506,2,2,6,1,2,440,142,20,213490
4,2005,2005,1132,1132,0,1132,1,2,5,0,2,451,252,64,176000
7,2006,2006,1199,1220,0,1220,2,2,6,0,2,632,105,54,194000
5,1930,1950,912,912,336,1248,1,2,6,0,1,160,0,0,87000
7,2005,2006,1346,1504,0,1504,2,2,7,1,2,437,156,20,191000
8,1976,1976,1565,2898,0,2898,2,2,10,1,2,665,0,72,287000
5,1972,1972,882,882,0,882,1,3,5,0,2,461,96,0,112500
5,1960,1960,1268,1264,0,1264,1,3,6,2,2,461,0,0,167500
8,2007,2008,1638,1646,0,1646,2,3,7,1,3,800,192,44,293077
5,1941,1950,768,968,408,1376,1,3,6,1,1,240,0,0,105000
6,1972,1972,672,672,546,1218,1,3,7,0,1,264,0,28,118000
5,1916,1995,686,948,980,1928,2,5,10,0,0,0,0,0,160000
7,1920,1970,824,1687,998,3082,2,5,12,2,2,672,136,63,197000
8,1993,1993,1338,1352,1168,2520,2,5,10,1,3,796,209,55,310000
7,2002,2002,1654,1654,0,1654,2,3,6,0,3,900,0,136,230000
5,1938,1950,920,954,0,954,1,2,5,1,1,240,0,0,119750
4,1957,1957,0,845,0,845,1,3,5,0,1,290,186,0,84000
9,2007,2008,1620,1620,0,1620,2,2,6,1,3,912,228,0,315500
8,2001,2002,1055,1055,1208,2263,2,3,7,1,2,905,0,45,287000
4,1970,2008,546,798,546,1344,1,3,6,1,0,0,0,0,97000
4,1970,1970,630,630,0,630,1,1,3,0,1,286,0,0,80000
5,1957,2000,1134,1803,0,1803,2,3,8,1,2,484,0,0,155000
6,1966,2000,800,800,832,1632,1,4,7,0,2,484,0,40,173000
6,2005,2005,1306,1306,0,1306,2,1,5,1,2,624,170,63,196000
7,1990,1990,1475,1532,797,2329,2,4,10,1,2,514,192,121,262280
8,1981,1981,2524,2524,0,2524,2,4,9,1,2,542,474,120,278000
3,1955,1955,0,1733,0,1733,2,4,8,1,2,452,0,0,139600
9,2005,2006,1992,1992,876,2868,3,4,11,1,3,716,214,108,556581
5,1994,1995,990,990,0,990,1,3,5,0,2,672,0,0,145000
5,1960,2006,0,1771,0,1771,1,3,9,1,2,336,0,0,115000
4,1946,2006,0,930,0,930,1,2,6,0,1,308,0,0,84900
7,2007,2007,1302,1302,0,1302,2,3,6,0,2,436,0,22,176485
7,2007,2007,1316,1316,0,1316,2,3,6,1,2,440,0,20,200141
6,1964,1978,816,1127,850,1977,1,4,9,1,2,540,0,52,165000
5,1957,2002,1216,1526,0,1526,1,4,7,1,1,364,116,78,144500
8,2002,2002,1065,1091,898,1989,2,3,7,1,2,586,199,60,255000
6,1976,1976,1193,1523,0,1523,2,3,7,1,2,478,0,0,180000
7,2005,2005,1364,1364,0,1364,2,2,6,1,2,484,192,36,185850
7,1994,1994,973,979,871,1850,2,3,7,1,2,467,168,98,248000
9,2008,2008,1104,1130,1054,2184,2,3,10,1,3,836,0,102,335000
6,1932,1950,854,1096,895,1991,1,3,7,1,2,432,0,0,220000
8,2001,2001,1338,1338,0,1338,2,2,6,0,2,582,0,0,213500
3,1935,1950,894,894,0,894,1,2,6,0,3,1248,0,20,81000
5,1900,1950,662,1422,915,2337,2,5,10,0,2,560,0,57,90000
6,1925,1980,1103,1103,0,1103,1,2,5,1,2,440,166,120,110500
5,1966,1966,1154,1154,0,1154,1,3,6,1,2,480,0,58,154000
7,1996,1997,1306,1306,954,2260,2,3,7,0,2,533,296,44,328000
6,1993,1994,799,799,772,1571,2,3,7,1,2,380,0,40,178000
6,1964,1964,780,798,813,1611,1,4,7,0,2,442,328,128,167900
6,1973,1973,942,1291,1230,2521,2,5,10,1,2,576,728,20,151400
5,1949,2003,845,893,0,893,1,2,4,0,2,576,0,0,135000
5,1956,1956,1048,1048,0,1048,1,3,6,0,1,286,0,20,135000
6,1968,1968,727,829,727,1556,1,4,8,0,2,441,0,0,154000
5,1948,1950,810,1002,454,1456,1,4,7,1,1,280,0,0,91500
6,1977,1977,690,698,728,1426,1,3,6,0,2,440,252,0,159500
7,2006,2006,1240,1240,0,1240,2,2,5,0,3,826,140,93,194000
7,1940,1984,800,960,780,1740,1,3,6,2,1,240,0,0,219500
5,1936,1989,796,1096,370,1466,2,3,7,1,2,566,436,21,170000
5,1969,1969,1096,1096,0,1096,1,3,6,0,1,299,240,32,138800
6,2004,2004,848,848,0,848,1,1,3,1,2,420,140,0,155900
5,1994,1994,990,990,0,990,1,3,5,0,1,299,0,64,126000
6,1971,2004,1258,1258,0,1258,2,3,5,0,2,528,55,0,145000
5,1963,1963,1040,1040,0,1040,1,3,5,0,1,308,0,0,133000
7,2002,2002,1459,1459,0,1459,2,3,6,1,2,527,192,39,192000
6,1964,1964,1251,1251,0,1251,1,3,6,2,1,461,0,116,160000
6,1995,1996,691,691,807,1498,2,3,6,1,2,409,315,44,187500
6,1992,1992,936,996,0,996,1,2,5,0,2,564,120,0,147000
4,1973,1973,546,546,546,1092,1,3,6,0,1,286,120,96,83500
8,2005,2006,1082,1082,871,1953,2,3,9,1,3,1043,160,50,252000
7,2004,2004,970,970,739,1709,2,3,7,0,2,380,0,40,137500
8,2005,2005,1247,1247,0,1247,1,1,4,1,2,550,0,84,197000
3,1950,1950,0,1040,0,1040,2,2,6,0,2,400,0,0,92900
7,1999,2000,600,624,628,1252,2,2,4,0,2,462,0,48,160000
6,1925,1950,1181,1390,304,1694,2,4,7,1,2,576,342,0,136500
5,1965,1998,864,1200,0,1200,1,1,6,0,2,884,0,64,146000
5,1956,2000,936,936,0,936,1,2,4,0,1,308,0,0,129000
6,2006,2006,1314,1314,0,1314,2,3,6,1,2,440,0,22,176432
6,1914,2006,684,773,582,1355,1,3,7,0,0,0,136,0,127000
8,1986,1986,1074,1088,0,1088,1,2,5,0,2,461,0,74,170000
4,1936,1950,672,757,567,1324,1,3,6,0,1,240,0,0,128000
7,1978,1978,1271,1601,0,1601,2,3,7,1,2,478,0,0,157000
2,1920,1950,290,438,0,438,1,1,3,0,1,246,0,0,60000
5,1971,1971,950,950,0,950,1,3,5,0,1,280,0,0,119500
5,1960,2002,1010,1134,0,1134,1,2,6,0,1,254,0,16,135000
6,1959,1959,655,1194,0,1194,1,3,6,1,2,539,0,0,159500
5,1970,1970,630,630,672,1302,2,3,6,0,2,440,0,0,106000
8,1994,1995,1463,1500,1122,2622,2,3,9,2,2,712,186,32,325000
7,1990,1991,910,1442,0,1442,2,3,6,1,2,719,0,244,179900
7,2006,2006,868,887,1134,2021,2,3,9,1,2,422,0,100,274725
6,2000,2000,924,948,742,1690,2,3,7,1,2,463,100,48,181000
8,2004,2005,1836,1836,0,1836,2,3,7,1,3,862,125,185,280000
6,1995,1996,773,773,885,1658,2,3,8,1,2,431,224,84,188000
7,1976,1976,803,1098,866,1964,2,4,8,1,2,483,0,69,205000
5,1957,1957,816,816,0,816,1,2,5,0,1,308,0,0,129900
5,1953,2006,1008,1008,0,1008,1,2,6,0,1,240,0,18,134500
5,1954,2000,833,833,0,833,1,2,4,0,1,326,0,0,117000
8,2007,2007,1734,1734,0,1734,2,3,7,1,3,928,0,0,318000
8,2002,2002,408,779,640,1419,2,3,7,1,2,527,120,0,184100
5,1967,2003,894,894,0,894,1,3,5,0,2,450,0,0,130000
5,1958,1987,533,1021,580,1601,1,3,6,0,1,300,280,34,140000
5,1959,1959,1040,1040,0,1040,1,3,6,0,1,286,140,0,133700
6,1920,1950,1012,1012,0,1012,1,2,6,1,1,308,0,22,118400
7,2005,2006,1552,1552,0,1552,2,3,7,0,3,782,144,20,212900
4,1956,1956,672,960,0,960,1,3,5,0,1,288,64,0,112000
5,1947,2008,698,698,0,698,1,2,4,0,0,0,0,200,118000
7,1992,1992,384,812,670,1482,2,3,7,1,2,392,100,25,163900
4,1955,1955,1005,1005,0,1005,1,2,5,1,2,672,0,0,115000
7,2007,2007,1373,1555,0,1555,2,2,7,1,3,660,143,20,174000
7,2004,2004,1530,1530,0,1530,2,3,7,1,3,630,144,36,259000
7,2004,2005,847,847,1112,1959,2,4,8,1,2,434,100,48,215000
5,1980,1980,936,936,0,936,1,2,4,0,2,672,49,0,140000
4,1928,1950,1122,1328,653,1981,2,4,7,2,2,576,431,44,135000
5,1991,1992,974,974,0,974,1,3,5,0,0,0,0,28,93500
6,1880,1950,1008,1178,1032,2210,2,5,8,0,1,205,0,48,117500
8,1995,1995,1128,1142,878,2020,2,3,8,1,2,466,0,155,239500
6,1997,1997,916,916,684,1600,2,3,7,1,2,460,100,38,169000
6,1926,1950,960,986,0,986,1,2,5,1,1,180,0,128,102000
6,1950,1950,1032,1032,220,1252,1,3,6,0,1,288,0,0,119000
5,1875,1996,780,780,240,1020,1,2,6,0,0,0,0,0,94000
6,1977,1977,1567,1567,0,1567,2,2,5,2,2,714,264,32,196000
5,1920,1950,915,1167,0,1167,1,3,6,1,2,495,0,0,144000
5,1951,1951,952,952,0,952,1,2,4,0,2,840,0,0,139000
5,1976,1976,780,1088,780,1868,2,4,9,1,2,484,448,96,197500
8,2006,2007,1466,1466,1362,2828,3,4,11,1,3,1052,125,144,424870
5,1959,1959,1006,1006,0,1006,1,3,5,0,0,0,0,24,80000
4,1941,1950,672,672,252,924,1,2,5,0,1,280,0,0,80000
5,1928,1950,1042,1042,534,1576,1,3,8,1,1,225,0,0,149000
6,1985,1985,1298,1298,0,1298,2,3,5,1,2,403,165,26,180000
7,1941,1950,704,860,704,1564,1,3,7,1,1,234,0,0,174500
7,1926,1950,572,572,539,1111,1,2,5,1,1,288,0,0,116900
7,1920,1988,650,832,650,1482,1,3,7,0,2,324,0,0,143000
6,1950,1950,932,932,0,932,1,2,4,1,1,306,0,0,124000
5,1959,1959,1466,1466,0,1466,1,3,6,2,2,528,0,140,149900
6,1956,2004,1073,1811,0,1811,1,2,6,1,2,470,0,0,230000
6,1930,2007,816,816,0,816,1,2,5,0,1,432,0,0,120500
7,1965,1988,864,902,918,1820,1,4,8,2,2,492,60,84,201800
5,1976,2004,1437,1437,0,1437,2,3,6,1,2,528,0,21,218000
5,1965,1999,1219,1265,0,1265,2,3,6,1,2,502,0,92,179900
7,2007,2008,1314,1314,0,1314,2,2,6,1,2,626,172,62,230000
8,2007,2008,1580,1580,0,1580,2,3,7,0,3,830,0,24,235128
6,1974,1974,901,943,933,1876,2,4,8,1,2,540,0,69,185000
6,1978,1978,855,855,601,1456,2,3,7,1,2,440,26,0,146000
6,1954,2006,1296,1640,0,1640,1,3,7,1,2,924,108,0,224000
5,1968,1968,894,894,0,894,1,3,5,1,2,450,0,0,129000
4,1969,1969,1198,1258,0,1258,0,0,6,0,2,400,120,0,108959
5,1978,1978,1360,1432,0,1432,1,2,5,1,2,588,168,180,194000
7,2009,2009,1502,1502,0,1502,2,3,7,0,2,644,0,114,233170
8,2008,2008,1694,1694,0,1694,2,3,7,0,3,776,160,33,245350
6,2000,2000,959,959,712,1671,2,3,7,1,2,472,0,38,173000
6,1935,1986,1127,1236,872,2108,2,4,7,2,2,540,0,0,235000
10,1995,1996,1930,1831,1796,3627,3,4,10,1,3,807,361,76,625000
6,1977,1977,1096,1118,0,1118,1,3,6,1,1,358,203,0,171000
6,1958,1958,1261,1261,0,1261,1,3,6,1,2,433,0,0,163000
7,2006,2007,625,625,625,1250,2,2,5,0,2,625,0,54,171900
5,1946,1994,1598,1636,971,3086,3,3,12,1,0,0,122,0,200500
6,1932,1950,952,1170,1175,2345,2,4,9,1,2,360,0,0,239000
8,1992,2000,1683,2129,743,2872,2,4,9,1,2,541,0,33,285000
5,1984,1985,876,923,0,923,1,3,5,0,1,264,362,0,119500
6,1926,2004,818,818,406,1224,1,3,5,0,1,210,0,0,115000
5,1921,1950,731,820,523,1343,1,3,7,1,1,186,192,0,154900
5,1954,1954,0,1124,0,1124,1,3,5,1,0,0,0,36,93000
7,1990,1991,1216,1298,1216,2514,2,4,8,0,2,693,0,0,250000
8,2008,2008,1600,1652,0,1652,2,2,5,1,2,482,162,53,392500
10,1996,1996,2396,2411,2065,4476,3,4,10,2,3,813,171,78,745000
5,1920,1950,1120,1130,0,1130,1,2,5,1,2,720,229,0,120000
5,1963,1963,1572,1572,0,1572,1,3,5,2,3,995,0,263,186700
5,1924,1950,784,949,272,1221,1,4,7,0,1,392,0,0,104900
3,1900,1970,978,1014,685,1699,2,3,7,0,2,420,0,74,95000
8,1994,1995,1624,1624,0,1624,2,2,5,1,3,757,0,114,262000
7,2002,2002,831,831,829,1660,2,3,7,0,2,493,144,68,195000
7,1999,1999,994,1028,776,1804,2,3,7,1,2,442,140,60,189000
4,1961,1975,1249,1622,0,1622,1,3,7,1,4,1356,439,0,168000
8,1999,2000,776,764,677,1441,2,2,5,0,2,492,206,0,174000
5,1925,1994,702,842,630,1472,1,3,6,0,1,250,0,0,125000
6,1999,1999,1224,1224,0,1224,2,2,5,0,2,402,0,304,165000
6,1969,1969,663,663,689,1352,1,4,7,0,1,299,379,36,158000
6,2005,2005,728,728,728,1456,2,3,8,0,2,400,100,24,176000
7,2006,2006,879,879,984,1863,2,4,9,1,3,660,100,17,219210
7,1916,1950,815,815,875,1690,1,3,7,1,1,225,0,0,144000
7,2001,2001,1212,1212,0,1212,2,3,6,0,2,573,356,0,178000
4,1963,1979,1051,1382,0,1382,1,3,6,1,2,459,0,82,148000
4,1970,1970,864,864,0,864,1,3,5,0,1,280,0,0,116050
7,1998,1998,866,866,913,1779,2,3,6,0,2,546,198,36,197900
5,1925,1997,884,884,464,1348,1,3,5,1,1,216,0,0,117000
7,2000,2001,1630,1630,0,1630,2,3,6,1,2,451,74,234,213000
5,1975,1975,1056,1074,0,1074,1,3,6,0,2,495,0,88,153500
7,1990,1991,2158,2196,0,2196,2,3,7,1,3,701,84,70,271900
4,1966,1966,1056,1056,0,1056,1,2,5,0,1,384,0,42,107000
6,2003,2003,1682,1700,0,1700,2,3,7,0,2,544,192,23,200000
5,1962,1980,931,1283,0,1283,1,3,6,0,2,506,0,0,140000
8,2006,2006,1660,1660,0,1660,2,3,8,1,2,500,322,50,290000
6,1992,1992,1055,1055,790,1845,2,3,8,1,2,462,635,104,189000
8,1988,2005,559,1080,672,1752,2,4,8,0,2,492,325,12,164000
4,1941,1950,672,672,0,672,1,2,4,0,1,234,0,113,113000
4,1965,2001,648,960,0,960,0,0,3,0,1,364,88,0,145000
5,1962,1962,925,999,0,999,1,3,6,0,1,300,150,72,134500
5,1966,1966,894,894,0,894,1,3,5,0,1,384,0,0,125000
6,1978,1978,0,1318,584,1902,2,4,8,0,2,539,0,0,112000
8,2009,2009,1300,1314,0,1314,2,3,6,0,2,552,135,112,229456
4,1947,1950,0,672,240,912,1,2,3,0,0,0,0,0,80500
6,1971,1971,672,672,546,1218,1,3,7,0,0,0,201,0,91500
5,1964,1964,912,912,0,912,1,2,5,0,1,288,0,0,115000
5,1968,1968,952,1211,0,1211,1,3,5,1,1,322,0,63,134000
6,1949,1950,1040,1168,678,1846,2,3,7,1,1,315,0,0,143000
5,1951,1951,2136,2136,0,2136,2,4,7,0,2,528,0,30,137900
7,2004,2005,788,788,702,1490,2,3,8,1,2,388,100,75,184000
6,1958,1958,588,1138,0,1138,1,3,6,0,1,264,224,0,145000
6,2007,2007,894,894,1039,1933,2,4,9,1,3,668,100,18,214000
5,1965,2008,912,912,0,912,1,2,5,0,2,576,0,240,147000
9,2008,2008,1702,1702,0,1702,1,1,7,1,3,1052,0,72,367294
5,1960,1960,1075,1507,0,1507,2,4,7,0,1,404,0,0,127000
5,1977,1977,1361,1361,1259,2620,2,4,12,1,2,600,155,24,190000
5,1962,1962,1106,1190,0,1190,1,3,6,0,2,540,0,18,132500
4,1962,1962,0,1224,0,1224,2,2,6,0,2,462,0,0,101800
5,1959,1959,1188,1188,0,1188,1,3,6,0,2,531,0,0,142000
5,1911,1950,940,1024,940,1964,1,4,7,0,0,0,0,192,130000
5,1914,1950,747,892,892,1784,1,4,9,0,1,180,203,40,138887
7,2003,2003,764,764,862,1626,2,2,6,0,2,474,0,27,175500
7,2004,2005,847,847,1101,1948,2,4,8,1,2,434,100,48,195000
6,2005,2005,1141,1141,0,1141,1,3,6,0,2,484,0,0,142500
8,2006,2006,1476,1484,0,1484,2,2,6,1,2,472,120,33,265900
7,2003,2003,884,884,884,1768,2,3,8,0,2,543,0,63,224900
7,2007,2007,1689,1689,0,1689,2,3,7,0,3,954,0,56,248328
7,1974,1974,1053,1173,0,1173,2,3,6,2,2,528,0,120,170000
10,2006,2006,2076,2076,0,2076,2,2,7,1,3,850,216,229,465000
8,1929,1950,792,792,725,1517,1,3,7,2,2,400,0,0,230000
6,1984,2003,585,1140,728,1868,3,3,7,1,2,477,268,112,178000
7,2005,2006,756,756,797,1553,2,3,6,0,2,615,0,45,186500
6,1976,1976,1012,1034,0,1034,1,3,6,0,3,888,0,0,169900
6,1917,1950,735,1134,924,2058,1,3,8,1,2,396,0,0,129500
5,1950,1950,876,988,0,988,1,3,6,0,1,276,0,80,119000
7,1968,1968,2110,2110,0,2110,2,3,8,2,2,522,0,0,244000
7,2003,2003,1405,1405,0,1405,2,2,6,1,2,478,148,36,171750
5,1968,1968,864,874,0,874,1,3,5,0,1,288,33,0,130000
7,1974,2003,1192,1516,651,2167,2,3,9,2,2,518,220,47,294000
7,2003,2004,746,760,896,1656,2,3,7,1,2,397,178,128,165400
6,1931,1950,884,959,408,1367,1,3,6,1,1,560,0,0,127500
8,1994,1994,1986,1987,0,1987,2,2,7,1,2,691,262,36,301500
5,1922,1950,864,864,0,864,1,2,4,0,0,0,0,96,99900
7,2005,2005,856,1166,0,1166,2,2,5,0,2,400,212,0,190000
6,1969,1969,1054,1054,0,1054,1,3,6,0,2,460,180,0,151000
6,1999,1999,841,892,783,1675,2,3,7,1,2,502,0,103,181000
5,1956,1956,1050,1050,0,1050,1,2,5,0,1,338,0,0,128900
4,1957,1989,1104,1104,684,1788,1,5,8,2,1,304,120,0,161500
6,1919,1950,764,1060,764,1824,1,3,8,1,2,520,0,0,180500
6,1998,1999,1405,1337,0,1337,2,2,5,0,2,511,144,68,181000
7,1999,1999,691,713,739,1452,2,3,6,0,2,506,0,34,183900
7,1910,1950,925,964,925,1889,1,4,9,1,1,308,0,0,122000
9,2008,2009,2002,2018,0,2018,2,3,10,1,3,746,144,76,378500
8,1935,1997,728,1968,1479,3447,3,4,11,2,3,1014,314,12,381000
5,1958,1958,874,874,650,1524,1,3,7,0,1,315,0,0,144000
7,1979,1979,1332,1332,192,1524,0,0,4,1,2,586,268,0,260000
6,1968,1968,1489,1489,0,1489,2,3,7,1,2,462,0,0,185750
5,1965,1965,935,935,0,935,1,3,5,0,1,288,180,0,137000
6,1959,2006,1019,1357,0,1357,1,2,5,1,1,312,0,0,177000
5,1910,2003,661,661,589,1250,2,3,8,1,2,552,242,0,139000
5,1948,1950,928,928,992,1920,2,4,10,0,2,400,0,0,137000
6,1972,1972,723,735,660,1395,1,3,6,1,2,497,294,116,162000
6,1967,1976,1680,1724,0,1724,1,3,7,1,2,480,0,0,197900
8,2002,2002,1128,1128,903,2031,2,3,7,1,2,577,0,211,237000
4,1920,1950,698,698,430,1128,1,2,6,0,2,528,30,0,68400
7,2002,2002,1573,1573,0,1573,2,3,6,0,2,544,0,72,227000
7,1990,1990,1309,1339,0,1339,2,2,6,1,2,484,0,58,180000
5,1977,2008,1040,1040,0,1040,2,3,5,0,2,484,0,0,150500
6,1971,1971,912,912,912,1824,2,4,8,0,0,0,128,0,139000
6,1919,1990,804,1699,748,2447,2,4,10,1,1,336,272,0,169000
6,1939,1950,780,825,587,1412,1,4,6,1,1,280,45,0,132500
6,1963,1963,1328,1328,0,1328,1,3,6,2,2,528,0,26,143000
5,1964,1964,1624,1582,0,1582,2,4,7,0,2,390,168,198,190000
8,2000,2000,1501,1659,0,1659,2,2,5,1,2,499,212,59,278000
8,2006,2006,1085,1120,850,1970,2,3,8,1,3,753,177,74,281000
5,1964,1964,1152,1152,0,1152,1,3,6,1,2,484,227,0,180500
5,1972,1972,630,630,672,1302,2,3,6,0,1,264,185,0,119500
5,1892,1965,994,1378,994,2372,2,4,11,0,1,432,0,287,107500
7,1976,1976,832,832,832,1664,2,4,8,1,2,528,0,28,162900
5,1955,1990,864,864,0,864,1,2,5,0,2,572,0,0,115000
5,1968,1968,1052,1052,0,1052,1,3,5,0,1,288,356,0,138500
5,1963,1963,1120,1128,0,1128,2,3,6,0,2,525,192,20,155000
6,2005,2006,547,1072,0,1072,2,2,5,0,2,525,0,44,140000
10,2008,2008,6110,4692,950,5642,2,3,12,3,2,1418,214,292,160000
5,1959,1994,1246,1246,0,1246,1,3,6,0,1,305,218,0,154000
7,1999,1999,978,1005,978,1983,2,3,9,1,2,490,0,0,225000
6,1942,1950,771,753,741,1494,1,3,7,2,1,213,0,0,177500
8,1994,1994,1165,1203,1323,2526,2,4,8,1,3,844,309,78,290000
7,2005,2005,1616,1616,0,1616,2,3,7,0,3,834,208,59,232000
7,2004,2004,976,976,732,1708,2,3,7,0,2,380,0,40,130000
9,2006,2007,1652,1652,0,1652,2,2,6,2,2,840,404,102,325000
7,2005,2006,1368,1368,0,1368,2,2,6,1,2,474,132,35,202500
5,1994,1995,990,990,0,990,1,3,5,0,2,480,0,64,138000
5,1948,2005,924,1122,0,1122,1,2,6,0,2,528,0,36,147000
6,1991,1991,1278,1294,0,1294,2,3,6,0,2,496,112,51,179200
7,1959,2002,1902,1902,0,1902,2,3,7,2,2,567,0,207,335000
7,2005,2007,1274,1274,0,1274,2,3,6,0,2,508,264,98,203000
8,1990,1990,1453,1453,1357,2810,2,4,9,1,2,750,500,0,302000
9,1999,1999,1393,1422,1177,2599,2,4,10,1,3,779,668,30,333168
4,1954,1954,948,948,0,948,1,3,5,1,1,280,0,36,119000
6,1969,1969,952,1092,1020,2112,2,4,9,2,2,576,280,0,206900
8,2008,2008,1622,1630,0,1630,2,3,8,1,3,860,172,42,295493
7,2006,2007,1352,1352,0,1352,2,2,5,1,2,466,0,241,208900
8,2001,2002,1753,1787,0,1787,2,3,7,1,3,748,198,150,275000
4,1954,1954,864,948,0,948,1,3,5,0,1,248,0,0,111000
6,1957,1957,1478,1478,0,1478,1,3,6,2,2,442,114,0,156500
3,1949,1950,0,720,0,720,1,2,4,0,1,287,0,0,72500
7,1992,1992,750,1061,862,1923,2,3,8,1,2,564,240,39,190000
4,1940,1950,420,708,0,708,1,2,5,0,0,0,164,0,82500
8,2006,2007,1795,1795,0,1795,2,2,7,1,3,895,0,49,147000
4,1922,1950,796,796,0,796,1,2,5,0,0,0,0,0,55000
3,1931,2006,544,774,0,774,1,3,6,0,0,0,0,0,79000
5,1982,2008,816,816,0,816,1,3,5,1,1,264,0,0,130500
6,1920,1950,1510,1584,1208,2792,2,5,8,2,2,520,0,547,256000
7,1998,1998,935,955,677,1632,2,3,8,1,2,462,0,28,176500
8,2006,2006,1588,1588,0,1588,2,3,7,1,3,825,144,45,227000
5,1976,1976,911,954,0,954,1,3,6,0,2,576,0,0,132500
4,1938,1958,816,816,0,816,1,2,3,1,1,288,0,0,100000
5,1938,1995,803,803,557,1360,1,2,6,0,1,297,0,65,125500
5,1970,1970,765,765,600,1365,1,3,7,0,2,440,0,36,125000
6,1977,1977,1350,1334,0,1334,2,2,6,1,2,630,0,16,167900
5,1973,1973,1656,1656,0,1656,2,4,8,0,2,506,0,211,135000
4,1941,1950,693,693,0,693,1,2,4,0,0,0,0,20,52500
7,2002,2002,916,920,941,1861,2,3,8,0,2,492,146,91,200000
5,1972,1972,864,864,0,864,1,3,5,0,1,288,0,0,128500
4,1971,1971,858,872,0,872,1,3,5,0,4,480,0,0,123000
6,2003,2004,1114,1114,0,1114,1,3,6,0,2,576,0,78,155000
8,2002,2002,1284,1284,885,2169,2,3,7,1,2,647,192,87,228500
6,1928,1950,896,1172,741,1913,1,3,9,1,2,342,0,0,177000
7,2006,2006,728,728,728,1456,2,3,8,1,2,440,0,0,155835
4,1920,1950,960,960,0,960,1,2,5,0,1,308,0,0,108500
7,1968,2003,1568,2156,0,2156,2,3,9,1,2,508,0,80,262500
8,2006,2007,1732,1776,0,1776,2,3,7,1,3,712,0,0,283463
7,1998,1998,1482,1494,0,1494,2,3,5,1,2,514,402,25,215000
8,1872,1987,684,938,1215,2358,2,4,8,0,0,0,0,54,122000
5,1969,1969,1248,1338,1296,2634,2,6,12,0,4,968,0,0,200000
6,1962,1962,858,858,858,1716,1,4,8,1,2,490,0,84,171000
6,1937,2000,698,786,390,1176,1,2,4,0,2,624,210,0,134900
8,1995,1996,2033,2053,1185,3238,2,4,9,1,3,666,283,86,410000
7,2000,2000,992,992,873,1865,2,3,7,1,3,839,0,184,235000
7,1968,1992,570,1222,698,1920,3,4,8,1,2,487,0,98,170000
5,1966,1966,864,892,0,892,1,3,5,0,1,264,0,0,110000
5,1971,2008,1078,1078,0,1078,1,3,6,1,2,500,0,0,149900
6,2000,2000,756,769,804,1573,2,3,5,0,2,440,0,32,177500
9,2004,2005,1980,1980,0,1980,2,3,8,1,3,770,194,45,315000
5,1921,1998,612,990,1611,2601,3,4,8,0,2,621,183,0,189000
7,2005,2005,1530,1530,0,1530,2,3,7,1,2,430,168,36,260000
4,1920,2007,715,1281,457,1738,2,4,7,1,1,368,55,0,104900
6,2006,2007,616,616,796,1412,2,3,6,1,2,432,0,36,156932
7,2005,2005,600,520,600,1200,2,2,4,0,2,480,0,166,144152
7,2000,2000,814,814,860,1674,2,3,7,0,2,663,0,96,216000
7,1999,1999,873,882,908,1790,2,3,7,0,2,588,0,88,193000
5,1977,1977,757,925,550,1475,2,4,6,1,1,336,104,26,127000
6,2003,2004,848,848,0,848,1,1,4,0,2,420,140,0,144000
8,2003,2003,1657,1668,0,1668,2,3,8,1,2,502,0,262,232000
4,1920,1950,840,840,534,1374,1,2,6,0,1,338,0,0,105000
6,1955,1996,992,1661,0,1661,1,3,8,1,1,377,0,28,165500
7,1998,1998,1108,1108,989,2097,2,3,8,1,2,583,253,170,274300
10,2001,2002,2633,2633,0,2633,2,2,8,2,3,804,314,140,466500
7,2005,2005,1026,1026,932,1958,2,3,9,1,3,936,154,210,250000
8,2007,2007,1571,1571,0,1571,2,3,7,1,3,722,100,36,239000
6,1930,1950,768,790,0,790,1,2,4,0,1,160,0,141,91000
5,1941,1960,984,984,620,1604,2,3,6,0,2,660,0,68,117000
6,1973,1973,483,483,504,987,1,2,5,0,1,264,72,0,83000
5,2006,2007,384,754,640,1394,2,3,7,0,2,400,100,0,167500
3,1914,1950,864,864,0,864,1,2,5,0,1,200,0,0,58500
6,1970,1970,1205,2117,0,2117,2,4,7,2,2,550,0,42,237500
7,1920,1950,596,998,764,1762,1,4,8,0,2,576,36,0,157000
5,1918,2007,816,1416,0,1416,2,3,7,0,2,576,0,0,112000
6,1939,1950,560,698,560,1258,1,2,6,0,1,280,0,0,105000
4,1922,2007,796,796,358,1154,1,3,7,0,1,240,0,96,125500
7,1978,1978,1392,1392,1392,2784,3,5,12,2,2,564,0,112,250000
6,1916,1950,714,1664,862,2526,2,5,10,1,1,216,88,15,136000
9,2006,2007,1746,1746,0,1746,2,3,7,2,3,758,201,39,377500
6,1941,1950,735,869,349,1218,1,3,6,1,2,440,0,0,131000
7,2000,2000,1525,1525,0,1525,2,3,6,0,2,541,219,36,235000
5,1967,1967,1584,1584,0,1584,2,4,8,0,3,792,0,152,124000
5,1967,1967,864,900,0,900,1,3,6,1,1,288,175,144,123000
6,1905,2000,482,1221,691,1912,2,3,7,1,2,672,0,25,163000
7,2006,2006,1356,1500,0,1500,2,2,6,1,3,648,161,20,246578
8,2005,2006,1094,1133,1349,2482,2,4,9,1,3,642,144,39,281213
5,1948,1950,747,1687,0,1687,1,3,7,2,2,572,0,0,160000
5,1920,2004,939,939,574,1513,1,4,8,0,1,180,24,0,137500
5,1950,1982,1208,1136,768,1904,1,3,7,0,1,240,0,0,138000
6,1925,1990,976,1160,448,1608,2,3,7,1,1,216,147,16,137450
6,1929,1950,862,950,208,1158,1,3,5,1,1,208,0,0,120000
6,2004,2004,839,864,729,1593,2,3,8,1,2,398,100,75,193000
7,2006,2006,1286,1294,0,1294,2,2,6,1,2,662,168,55,193879
8,2007,2007,1485,1464,0,1464,2,3,6,0,3,754,168,160,282922
3,1915,1950,672,694,520,1214,1,3,6,0,3,936,216,0,105000
8,2004,2005,1594,1646,0,1646,2,2,5,1,2,482,128,53,275000
5,1972,2007,768,768,0,768,1,2,5,0,2,396,58,0,133000
5,1985,1985,833,833,0,833,1,3,5,0,0,0,0,0,112000
4,1910,1950,622,741,622,1363,1,3,6,0,2,528,0,0,125500
7,1986,1991,791,1236,857,2093,2,3,7,1,2,542,364,63,215000
7,2001,2001,944,944,896,1840,2,3,6,0,2,622,0,45,230000
6,1950,2005,856,1112,556,1668,1,3,6,0,1,271,0,0,140000
4,1949,1950,0,1040,0,1040,2,2,6,0,2,420,0,0,90000
8,2005,2006,1844,1844,0,1844,2,2,7,1,2,620,165,44,257000
6,1923,2000,833,1053,795,1848,1,4,8,1,2,370,0,0,207000
7,2007,2007,1386,1569,0,1569,2,1,7,1,3,660,143,20,175900
4,1885,1950,777,1246,1044,2290,2,4,11,0,2,560,0,0,122500
8,1998,1998,1284,1310,1140,2450,2,3,7,1,3,1069,0,126,340000
5,1963,1963,1144,1144,0,1144,1,3,6,0,1,336,0,88,124000
6,1969,1969,1844,1844,0,1844,2,3,7,1,2,540,0,73,223000
6,1968,1968,708,708,708,1416,2,3,7,1,2,776,0,169,179900
6,1977,1977,1069,1069,0,1069,2,2,4,1,2,440,0,55,127500
6,2003,2003,848,848,0,848,1,1,3,0,2,420,140,0,136500
6,1966,1966,697,1575,626,2201,2,4,8,1,2,432,586,236,274970
5,1958,1983,1024,1344,0,1344,1,2,6,1,1,484,316,28,144000
6,1959,1959,1252,1252,0,1252,1,3,7,0,2,528,0,39,142000
7,1994,1994,1223,1223,904,2127,2,3,5,2,2,525,171,132,271000
5,1945,1950,913,1048,510,1558,1,3,6,1,1,288,0,0,140000
5,1940,1992,788,804,0,804,1,2,4,2,1,240,0,0,119000
6,1981,1981,1440,1440,0,1440,2,3,7,1,2,467,0,0,182900
5,2005,2005,732,734,1104,1838,2,4,7,1,2,372,100,40,192140
6,1976,1976,958,958,0,958,2,2,5,0,2,440,0,60,143750
4,1927,2007,656,968,0,968,2,4,5,0,1,216,0,0,64500
6,2000,2000,936,962,830,1792,2,3,8,1,2,451,0,0,186500
5,1977,1977,1126,1126,0,1126,2,3,5,1,2,484,295,41,160000
6,1962,2005,1319,1537,0,1537,1,3,7,1,2,462,0,36,174000
4,1971,1971,864,864,0,864,1,3,5,0,2,528,0,0,120500
8,2008,2008,1932,1932,0,1932,2,2,7,1,3,774,0,66,394617
6,1957,1996,912,1236,0,1236,1,2,6,0,2,923,0,158,149700
7,1979,1979,539,1040,685,1725,2,3,6,1,2,550,0,88,197000
6,1922,1994,588,1423,748,2555,2,3,11,1,2,672,431,0,191000
6,2004,2004,848,848,0,848,1,1,3,1,2,420,149,0,149300
10,2008,2008,1017,1026,981,2007,2,3,10,1,3,812,168,52,310000
6,1916,1950,952,952,0,952,1,2,4,1,1,192,0,98,121000
7,2004,2004,1422,1422,0,1422,2,3,7,0,2,626,192,60,179600
6,1966,1966,814,913,0,913,1,3,6,0,1,240,0,0,129000
5,1962,1962,1188,1188,0,1188,1,3,6,0,1,312,261,39,157900
8,1995,1996,1220,1220,870,2090,2,3,8,1,2,556,0,65,240000
4,1910,2000,560,796,550,1346,1,2,6,0,1,384,168,24,112000
5,1970,1970,630,630,0,630,1,1,3,0,0,0,0,0,92000
5,1974,1974,896,896,896,1792,2,4,8,0,0,0,32,45,136000
8,2008,2009,1573,1578,0,1578,2,3,7,1,3,840,0,36,287090
5,2005,2005,547,1072,0,1072,1,2,5,0,2,525,0,28,145000
5,2006,2006,1140,1140,0,1140,1,3,6,0,0,0,36,56,84500
7,2004,2005,1221,1221,0,1221,2,2,6,0,2,400,0,113,185000
6,1999,2000,953,953,694,1647,2,3,7,1,2,460,0,40,175000
6,1978,1988,1542,2073,0,2073,2,3,7,2,2,500,349,0,210000
7,1941,2006,1152,1188,1152,2340,2,4,9,2,1,252,0,60,266500
5,1950,1996,1078,1078,0,1078,1,2,5,0,1,240,366,0,142125
5,1965,1965,1256,1256,0,1256,1,3,6,0,1,276,736,68,147500
